<?xml version="1.0" encoding="UTF-8"?>
<export version="D">
  <design>
    <source>D:\EIGEN PROJECTEN\Bluetooth music box\schema's en pcb\schema_v1\schema_v1.sch</source>
    <date>7/03/2021 11:31:40</date>
    <tool>Eeschema (5.1.8)-1</tool>
    <sheet number="1" name="/" tstamps="/">
      <title_block>
        <title/>
        <company/>
        <rev/>
        <date/>
        <source>schema_v1.sch</source>
        <comment number="1" value=""/>
        <comment number="2" value=""/>
        <comment number="3" value=""/>
        <comment number="4" value=""/>
      </title_block>
    </sheet>
    <sheet number="2" name="/LEDS/" tstamps="/5F33610A/">
      <title_block>
        <title/>
        <company/>
        <rev/>
        <date/>
        <source>LEDS.sch</source>
        <comment number="1" value=""/>
        <comment number="2" value=""/>
        <comment number="3" value=""/>
        <comment number="4" value=""/>
      </title_block>
    </sheet>
    <sheet number="3" name="/Class d amplifier/" tstamps="/6074CBC7/">
      <title_block>
        <title/>
        <company/>
        <rev/>
        <date/>
        <source>amplifier_BT.sch</source>
        <comment number="1" value=""/>
        <comment number="2" value=""/>
        <comment number="3" value=""/>
        <comment number="4" value=""/>
      </title_block>
    </sheet>
    <sheet number="4" name="/Batterij-charge/" tstamps="/607F2119/">
      <title_block>
        <title/>
        <company/>
        <rev/>
        <date/>
        <source>batterij.sch</source>
        <comment number="1" value=""/>
        <comment number="2" value=""/>
        <comment number="3" value=""/>
        <comment number="4" value=""/>
      </title_block>
    </sheet>
  </design>
  <components>
    <comp ref="J1">
      <value>Pickit aansluiting</value>
      <footprint>Connector_PinHeader_2.54mm:PinHeader_1x05_P2.54mm_Vertical</footprint>
      <datasheet>~</datasheet>
      <libsource lib="Connector" part="Conn_01x05_Male" description="Generic connector, single row, 01x05, script generated (kicad-library-utils/schlib/autogen/connector/)"/>
      <sheetpath names="/" tstamps="/"/>
      <tstamp>5F3093CD</tstamp>
    </comp>
    <comp ref="100nF2">
      <value>C</value>
      <footprint>Capacitor_SMD:C_0805_2012Metric_Pad1.18x1.45mm_HandSolder</footprint>
      <datasheet>~</datasheet>
      <libsource lib="Device" part="C" description="Unpolarized capacitor"/>
      <sheetpath names="/" tstamps="/"/>
      <tstamp>602543D2</tstamp>
    </comp>
    <comp ref="SW3">
      <value>SW_Push</value>
      <footprint>Button_Switch_THT:SW_PUSH_6mm_H7.3mm</footprint>
      <datasheet>~</datasheet>
      <libsource lib="Switch" part="SW_Push" description="Push button switch, generic, two pins"/>
      <sheetpath names="/" tstamps="/"/>
      <tstamp>602643F8</tstamp>
    </comp>
    <comp ref="SW4">
      <value>SW_Push</value>
      <footprint>Button_Switch_THT:SW_PUSH_6mm_H7.3mm</footprint>
      <datasheet>~</datasheet>
      <libsource lib="Switch" part="SW_Push" description="Push button switch, generic, two pins"/>
      <sheetpath names="/" tstamps="/"/>
      <tstamp>6027BDF0</tstamp>
    </comp>
    <comp ref="SW5">
      <value>SW_Push</value>
      <footprint>Button_Switch_THT:SW_PUSH_6mm_H7.3mm</footprint>
      <datasheet>~</datasheet>
      <libsource lib="Switch" part="SW_Push" description="Push button switch, generic, two pins"/>
      <sheetpath names="/" tstamps="/"/>
      <tstamp>602821E2</tstamp>
    </comp>
    <comp ref="U8">
      <value>OVC3860_EDR</value>
      <footprint>Robbe_modules:OVC3860_EDR</footprint>
      <libsource lib="schema_v1-rescue" part="OVC3860_EDR-Robbe_random" description=""/>
      <sheetpath names="/" tstamps="/"/>
      <tstamp>6074CBAF</tstamp>
    </comp>
    <comp ref="100nF7">
      <value>C</value>
      <footprint>Capacitor_SMD:C_0805_2012Metric_Pad1.18x1.45mm_HandSolder</footprint>
      <datasheet>~</datasheet>
      <libsource lib="Device" part="C" description="Unpolarized capacitor"/>
      <sheetpath names="/" tstamps="/"/>
      <tstamp>6074CBB7</tstamp>
    </comp>
    <comp ref="U6">
      <value>LM1117-3.3</value>
      <footprint>Robbe_modules:LM1117</footprint>
      <datasheet>http://www.ti.com/lit/ds/symlink/lm1117.pdf</datasheet>
      <libsource lib="Regulator_Linear" part="LM1117-3.3" description="800mA Low-Dropout Linear Regulator, 3.3V fixed output, TO-220/TO-252/TO-263/SOT-223"/>
      <sheetpath names="/" tstamps="/"/>
      <tstamp>60757A09</tstamp>
    </comp>
    <comp ref="R4">
      <value>10k</value>
      <footprint>Resistor_SMD:R_0805_2012Metric_Pad1.20x1.40mm_HandSolder</footprint>
      <datasheet>~</datasheet>
      <libsource lib="Device" part="R" description="Resistor"/>
      <sheetpath names="/" tstamps="/"/>
      <tstamp>608902DF</tstamp>
    </comp>
    <comp ref="R2">
      <value>100</value>
      <footprint>Resistor_SMD:R_0805_2012Metric_Pad1.20x1.40mm_HandSolder</footprint>
      <datasheet>~</datasheet>
      <libsource lib="Device" part="R" description="Resistor"/>
      <sheetpath names="/" tstamps="/"/>
      <tstamp>6089A737</tstamp>
    </comp>
    <comp ref="R11">
      <value>10k</value>
      <footprint>Resistor_SMD:R_0805_2012Metric_Pad1.20x1.40mm_HandSolder</footprint>
      <datasheet>~</datasheet>
      <libsource lib="Device" part="R" description="Resistor"/>
      <sheetpath names="/" tstamps="/"/>
      <tstamp>608A4ED4</tstamp>
    </comp>
    <comp ref="R13">
      <value>10k</value>
      <footprint>Resistor_SMD:R_0805_2012Metric_Pad1.20x1.40mm_HandSolder</footprint>
      <datasheet>~</datasheet>
      <libsource lib="Device" part="R" description="Resistor"/>
      <sheetpath names="/" tstamps="/"/>
      <tstamp>608A6005</tstamp>
    </comp>
    <comp ref="R16">
      <value>10k</value>
      <footprint>Resistor_SMD:R_0805_2012Metric_Pad1.20x1.40mm_HandSolder</footprint>
      <datasheet>~</datasheet>
      <libsource lib="Device" part="R" description="Resistor"/>
      <sheetpath names="/" tstamps="/"/>
      <tstamp>608A7403</tstamp>
    </comp>
    <comp ref="R22">
      <value>10k</value>
      <footprint>Resistor_SMD:R_0805_2012Metric_Pad1.20x1.40mm_HandSolder</footprint>
      <datasheet>~</datasheet>
      <libsource lib="Device" part="R" description="Resistor"/>
      <sheetpath names="/" tstamps="/"/>
      <tstamp>608B1648</tstamp>
    </comp>
    <comp ref="R20">
      <value>10k</value>
      <footprint>Resistor_SMD:R_0805_2012Metric_Pad1.20x1.40mm_HandSolder</footprint>
      <datasheet>~</datasheet>
      <libsource lib="Device" part="R" description="Resistor"/>
      <sheetpath names="/" tstamps="/"/>
      <tstamp>608A7409</tstamp>
    </comp>
    <comp ref="SW7">
      <value>SW_Push</value>
      <footprint>Button_Switch_THT:SW_PUSH_6mm_H7.3mm</footprint>
      <datasheet>~</datasheet>
      <libsource lib="Switch" part="SW_Push" description="Push button switch, generic, two pins"/>
      <sheetpath names="/" tstamps="/"/>
      <tstamp>603F0666</tstamp>
    </comp>
    <comp ref="SW6">
      <value>SW_Push</value>
      <footprint>Button_Switch_THT:SW_PUSH_6mm_H7.3mm</footprint>
      <datasheet>~</datasheet>
      <libsource lib="Switch" part="SW_Push" description="Push button switch, generic, two pins"/>
      <sheetpath names="/" tstamps="/"/>
      <tstamp>602883B8</tstamp>
    </comp>
    <comp ref="U9">
      <value>Spi_header</value>
      <footprint>Connector_PinHeader_2.54mm:PinHeader_1x14_P2.54mm_Vertical</footprint>
      <libsource lib="schema_v1-rescue" part="Spi_header-Robbe_random" description=""/>
      <sheetpath names="/" tstamps="/"/>
      <tstamp>60242F8B</tstamp>
    </comp>
    <comp ref="R6">
      <value>10k</value>
      <footprint>Resistor_SMD:R_0805_2012Metric_Pad1.20x1.40mm_HandSolder</footprint>
      <datasheet>~</datasheet>
      <libsource lib="Device" part="R" description="Resistor"/>
      <sheetpath names="/" tstamps="/"/>
      <tstamp>604C0D31</tstamp>
    </comp>
    <comp ref="R7">
      <value>10k</value>
      <footprint>Resistor_SMD:R_0805_2012Metric_Pad1.20x1.40mm_HandSolder</footprint>
      <datasheet>~</datasheet>
      <libsource lib="Device" part="R" description="Resistor"/>
      <sheetpath names="/" tstamps="/"/>
      <tstamp>6059EF0A</tstamp>
    </comp>
    <comp ref="U2">
      <value>pic18f27k40</value>
      <footprint>Package_SO:SOIC-28W_7.5x18.7mm_P1.27mm</footprint>
      <libsource lib="schema_v1-rescue" part="pic18f27k40-Robbe_TI" description=""/>
      <sheetpath names="/" tstamps="/"/>
      <tstamp>5F308203</tstamp>
    </comp>
    <comp ref="100nF3">
      <value>C</value>
      <footprint>Capacitor_SMD:C_0805_2012Metric_Pad1.18x1.45mm_HandSolder</footprint>
      <datasheet>~</datasheet>
      <libsource lib="Device" part="C" description="Unpolarized capacitor"/>
      <sheetpath names="/" tstamps="/"/>
      <tstamp>6066063A</tstamp>
    </comp>
    <comp ref="JP1">
      <value>SolderJumper</value>
      <footprint>Jumper:SolderJumper-2_P1.3mm_Open_RoundedPad1.0x1.5mm</footprint>
      <libsource lib="schema_v1-rescue" part="Jumper_SolderJumper_2_Open-Bluetooth_Speaker-cache" description=""/>
      <sheetpath names="/" tstamps="/"/>
      <tstamp>60678286</tstamp>
    </comp>
    <comp ref="TP2">
      <value>TestPoint</value>
      <footprint>TestPoint:TestPoint_Pad_2.5x2.5mm</footprint>
      <datasheet>~</datasheet>
      <libsource lib="Connector" part="TestPoint" description="test point"/>
      <sheetpath names="/" tstamps="/"/>
      <tstamp>6070B6E9</tstamp>
    </comp>
    <comp ref="U10">
      <value>SN74LVC1T45DBV</value>
      <footprint>Package_TO_SOT_SMD:SOT-23-6</footprint>
      <datasheet>http://www.ti.com/lit/ds/symlink/sn74lvc1t45.pdf</datasheet>
      <libsource lib="Logic_LevelTranslator" part="SN74LVC1T45DBV" description="Single-Bit Dual-Supply Bus Transceiver With Configurable Voltage Translation and 3-State Outputs, SOT-23-6"/>
      <sheetpath names="/" tstamps="/"/>
      <tstamp>607E8052</tstamp>
    </comp>
    <comp ref="SW1">
      <value>SW_Push</value>
      <footprint>Button_Switch_THT:SW_PUSH_6mm_H7.3mm</footprint>
      <datasheet>~</datasheet>
      <libsource lib="Switch" part="SW_Push" description="Push button switch, generic, two pins"/>
      <sheetpath names="/" tstamps="/"/>
      <tstamp>6033CD6F</tstamp>
    </comp>
    <comp ref="J2">
      <value>USB_B_Micro</value>
      <footprint>Connector_USB:USB_Micro-B_Amphenol_10104110_Horizontal</footprint>
      <datasheet>~</datasheet>
      <libsource lib="Connector" part="USB_B_Micro" description="USB Micro Type B connector"/>
      <sheetpath names="/" tstamps="/"/>
      <tstamp>601CBB5F</tstamp>
    </comp>
    <comp ref="100nF5">
      <value>C</value>
      <footprint>Capacitor_SMD:C_0805_2012Metric_Pad1.18x1.45mm_HandSolder</footprint>
      <datasheet>~</datasheet>
      <libsource lib="Device" part="C" description="Unpolarized capacitor"/>
      <sheetpath names="/" tstamps="/"/>
      <tstamp>60202CBB</tstamp>
    </comp>
    <comp ref="U5">
      <value>FT232RL</value>
      <footprint>Package_SO:SSOP-28_5.3x10.2mm_P0.65mm</footprint>
      <datasheet>https://www.ftdichip.com/Support/Documents/DataSheets/ICs/DS_FT232R.pdf</datasheet>
      <libsource lib="Interface_USB" part="FT232RL" description="USB to Serial Interface, SSOP-28"/>
      <sheetpath names="/" tstamps="/"/>
      <tstamp>601D1DA8</tstamp>
    </comp>
    <comp ref="U1">
      <value>LTC2063</value>
      <footprint>Robbe_modules:LTC2063</footprint>
      <libsource lib="Robbe_random" part="LTC2064" description=""/>
      <sheetpath names="/" tstamps="/"/>
      <tstamp>6084ABC5</tstamp>
    </comp>
    <comp ref="10uF1">
      <value>C</value>
      <footprint>Capacitor_SMD:C_0805_2012Metric_Pad1.18x1.45mm_HandSolder</footprint>
      <datasheet>~</datasheet>
      <libsource lib="Device" part="C" description="Unpolarized capacitor"/>
      <sheetpath names="/" tstamps="/"/>
      <tstamp>605CE068</tstamp>
    </comp>
    <comp ref="D3">
      <value>WS2812B</value>
      <footprint>LED_SMD:LED_WS2812B_PLCC4_5.0x5.0mm_P3.2mm</footprint>
      <datasheet>https://cdn-shop.adafruit.com/datasheets/WS2812B.pdf</datasheet>
      <libsource lib="LED" part="WS2812B" description="RGB LED with integrated controller"/>
      <sheetpath names="/LEDS/" tstamps="/5F33610A/"/>
      <tstamp>5F33D909</tstamp>
    </comp>
    <comp ref="D7">
      <value>WS2812B</value>
      <footprint>LED_SMD:LED_WS2812B_PLCC4_5.0x5.0mm_P3.2mm</footprint>
      <datasheet>https://cdn-shop.adafruit.com/datasheets/WS2812B.pdf</datasheet>
      <libsource lib="LED" part="WS2812B" description="RGB LED with integrated controller"/>
      <sheetpath names="/LEDS/" tstamps="/5F33610A/"/>
      <tstamp>5F33D910</tstamp>
    </comp>
    <comp ref="D2">
      <value>WS2812B</value>
      <footprint>LED_SMD:LED_WS2812B_PLCC4_5.0x5.0mm_P3.2mm</footprint>
      <datasheet>https://cdn-shop.adafruit.com/datasheets/WS2812B.pdf</datasheet>
      <libsource lib="LED" part="WS2812B" description="RGB LED with integrated controller"/>
      <sheetpath names="/LEDS/" tstamps="/5F33610A/"/>
      <tstamp>5F33D917</tstamp>
    </comp>
    <comp ref="D6">
      <value>WS2812B</value>
      <footprint>LED_SMD:LED_WS2812B_PLCC4_5.0x5.0mm_P3.2mm</footprint>
      <datasheet>https://cdn-shop.adafruit.com/datasheets/WS2812B.pdf</datasheet>
      <libsource lib="LED" part="WS2812B" description="RGB LED with integrated controller"/>
      <sheetpath names="/LEDS/" tstamps="/5F33610A/"/>
      <tstamp>5F33D91E</tstamp>
    </comp>
    <comp ref="D11">
      <value>WS2812B</value>
      <footprint>LED_SMD:LED_WS2812B_PLCC4_5.0x5.0mm_P3.2mm</footprint>
      <datasheet>https://cdn-shop.adafruit.com/datasheets/WS2812B.pdf</datasheet>
      <libsource lib="LED" part="WS2812B" description="RGB LED with integrated controller"/>
      <sheetpath names="/LEDS/" tstamps="/5F33610A/"/>
      <tstamp>5F33D925</tstamp>
    </comp>
    <comp ref="D15">
      <value>WS2812B</value>
      <footprint>LED_SMD:LED_WS2812B_PLCC4_5.0x5.0mm_P3.2mm</footprint>
      <datasheet>https://cdn-shop.adafruit.com/datasheets/WS2812B.pdf</datasheet>
      <libsource lib="LED" part="WS2812B" description="RGB LED with integrated controller"/>
      <sheetpath names="/LEDS/" tstamps="/5F33610A/"/>
      <tstamp>5F33D92C</tstamp>
    </comp>
    <comp ref="D10">
      <value>WS2812B</value>
      <footprint>LED_SMD:LED_WS2812B_PLCC4_5.0x5.0mm_P3.2mm</footprint>
      <datasheet>https://cdn-shop.adafruit.com/datasheets/WS2812B.pdf</datasheet>
      <libsource lib="LED" part="WS2812B" description="RGB LED with integrated controller"/>
      <sheetpath names="/LEDS/" tstamps="/5F33610A/"/>
      <tstamp>5F33D933</tstamp>
    </comp>
    <comp ref="D14">
      <value>WS2812B</value>
      <footprint>LED_SMD:LED_WS2812B_PLCC4_5.0x5.0mm_P3.2mm</footprint>
      <datasheet>https://cdn-shop.adafruit.com/datasheets/WS2812B.pdf</datasheet>
      <libsource lib="LED" part="WS2812B" description="RGB LED with integrated controller"/>
      <sheetpath names="/LEDS/" tstamps="/5F33610A/"/>
      <tstamp>5F33D93A</tstamp>
    </comp>
    <comp ref="D19">
      <value>WS2812B</value>
      <footprint>LED_SMD:LED_WS2812B_PLCC4_5.0x5.0mm_P3.2mm</footprint>
      <datasheet>https://cdn-shop.adafruit.com/datasheets/WS2812B.pdf</datasheet>
      <libsource lib="LED" part="WS2812B" description="RGB LED with integrated controller"/>
      <sheetpath names="/LEDS/" tstamps="/5F33610A/"/>
      <tstamp>5F33D941</tstamp>
    </comp>
    <comp ref="D18">
      <value>WS2812B</value>
      <footprint>LED_SMD:LED_WS2812B_PLCC4_5.0x5.0mm_P3.2mm</footprint>
      <datasheet>https://cdn-shop.adafruit.com/datasheets/WS2812B.pdf</datasheet>
      <libsource lib="LED" part="WS2812B" description="RGB LED with integrated controller"/>
      <sheetpath names="/LEDS/" tstamps="/5F33610A/"/>
      <tstamp>5F33D948</tstamp>
    </comp>
    <comp ref="D5">
      <value>WS2812B</value>
      <footprint>LED_SMD:LED_WS2812B_PLCC4_5.0x5.0mm_P3.2mm</footprint>
      <datasheet>https://cdn-shop.adafruit.com/datasheets/WS2812B.pdf</datasheet>
      <libsource lib="LED" part="WS2812B" description="RGB LED with integrated controller"/>
      <sheetpath names="/LEDS/" tstamps="/5F33610A/"/>
      <tstamp>5F33DAAD</tstamp>
    </comp>
    <comp ref="D9">
      <value>WS2812B</value>
      <footprint>LED_SMD:LED_WS2812B_PLCC4_5.0x5.0mm_P3.2mm</footprint>
      <datasheet>https://cdn-shop.adafruit.com/datasheets/WS2812B.pdf</datasheet>
      <libsource lib="LED" part="WS2812B" description="RGB LED with integrated controller"/>
      <sheetpath names="/LEDS/" tstamps="/5F33610A/"/>
      <tstamp>5F33DAB4</tstamp>
    </comp>
    <comp ref="D4">
      <value>WS2812B</value>
      <footprint>LED_SMD:LED_WS2812B_PLCC4_5.0x5.0mm_P3.2mm</footprint>
      <datasheet>https://cdn-shop.adafruit.com/datasheets/WS2812B.pdf</datasheet>
      <libsource lib="LED" part="WS2812B" description="RGB LED with integrated controller"/>
      <sheetpath names="/LEDS/" tstamps="/5F33610A/"/>
      <tstamp>5F33DABB</tstamp>
    </comp>
    <comp ref="D8">
      <value>WS2812B</value>
      <footprint>LED_SMD:LED_WS2812B_PLCC4_5.0x5.0mm_P3.2mm</footprint>
      <datasheet>https://cdn-shop.adafruit.com/datasheets/WS2812B.pdf</datasheet>
      <libsource lib="LED" part="WS2812B" description="RGB LED with integrated controller"/>
      <sheetpath names="/LEDS/" tstamps="/5F33610A/"/>
      <tstamp>5F33DAC2</tstamp>
    </comp>
    <comp ref="D13">
      <value>WS2812B</value>
      <footprint>LED_SMD:LED_WS2812B_PLCC4_5.0x5.0mm_P3.2mm</footprint>
      <datasheet>https://cdn-shop.adafruit.com/datasheets/WS2812B.pdf</datasheet>
      <libsource lib="LED" part="WS2812B" description="RGB LED with integrated controller"/>
      <sheetpath names="/LEDS/" tstamps="/5F33610A/"/>
      <tstamp>5F33DAC9</tstamp>
    </comp>
    <comp ref="D17">
      <value>WS2812B</value>
      <footprint>LED_SMD:LED_WS2812B_PLCC4_5.0x5.0mm_P3.2mm</footprint>
      <datasheet>https://cdn-shop.adafruit.com/datasheets/WS2812B.pdf</datasheet>
      <libsource lib="LED" part="WS2812B" description="RGB LED with integrated controller"/>
      <sheetpath names="/LEDS/" tstamps="/5F33610A/"/>
      <tstamp>5F33DAD0</tstamp>
    </comp>
    <comp ref="D12">
      <value>WS2812B</value>
      <footprint>LED_SMD:LED_WS2812B_PLCC4_5.0x5.0mm_P3.2mm</footprint>
      <datasheet>https://cdn-shop.adafruit.com/datasheets/WS2812B.pdf</datasheet>
      <libsource lib="LED" part="WS2812B" description="RGB LED with integrated controller"/>
      <sheetpath names="/LEDS/" tstamps="/5F33610A/"/>
      <tstamp>5F33DAD7</tstamp>
    </comp>
    <comp ref="D16">
      <value>WS2812B</value>
      <footprint>LED_SMD:LED_WS2812B_PLCC4_5.0x5.0mm_P3.2mm</footprint>
      <datasheet>https://cdn-shop.adafruit.com/datasheets/WS2812B.pdf</datasheet>
      <libsource lib="LED" part="WS2812B" description="RGB LED with integrated controller"/>
      <sheetpath names="/LEDS/" tstamps="/5F33610A/"/>
      <tstamp>5F33DADE</tstamp>
    </comp>
    <comp ref="D21">
      <value>WS2812B</value>
      <footprint>LED_SMD:LED_WS2812B_PLCC4_5.0x5.0mm_P3.2mm</footprint>
      <datasheet>https://cdn-shop.adafruit.com/datasheets/WS2812B.pdf</datasheet>
      <libsource lib="LED" part="WS2812B" description="RGB LED with integrated controller"/>
      <sheetpath names="/LEDS/" tstamps="/5F33610A/"/>
      <tstamp>5F33DAE5</tstamp>
    </comp>
    <comp ref="D20">
      <value>WS2812B</value>
      <footprint>LED_SMD:LED_WS2812B_PLCC4_5.0x5.0mm_P3.2mm</footprint>
      <datasheet>https://cdn-shop.adafruit.com/datasheets/WS2812B.pdf</datasheet>
      <libsource lib="LED" part="WS2812B" description="RGB LED with integrated controller"/>
      <sheetpath names="/LEDS/" tstamps="/5F33610A/"/>
      <tstamp>5F33DAEC</tstamp>
    </comp>
    <comp ref="D23">
      <value>WS2812B</value>
      <footprint>LED_SMD:LED_WS2812B_PLCC4_5.0x5.0mm_P3.2mm</footprint>
      <datasheet>https://cdn-shop.adafruit.com/datasheets/WS2812B.pdf</datasheet>
      <libsource lib="LED" part="WS2812B" description="RGB LED with integrated controller"/>
      <sheetpath names="/LEDS/" tstamps="/5F33610A/"/>
      <tstamp>5F33DBB7</tstamp>
    </comp>
    <comp ref="D22">
      <value>WS2812B</value>
      <footprint>LED_SMD:LED_WS2812B_PLCC4_5.0x5.0mm_P3.2mm</footprint>
      <datasheet>https://cdn-shop.adafruit.com/datasheets/WS2812B.pdf</datasheet>
      <libsource lib="LED" part="WS2812B" description="RGB LED with integrated controller"/>
      <sheetpath names="/LEDS/" tstamps="/5F33610A/"/>
      <tstamp>5F33DBBE</tstamp>
    </comp>
    <comp ref="D25">
      <value>WS2812B</value>
      <footprint>LED_SMD:LED_WS2812B_PLCC4_5.0x5.0mm_P3.2mm</footprint>
      <datasheet>https://cdn-shop.adafruit.com/datasheets/WS2812B.pdf</datasheet>
      <libsource lib="LED" part="WS2812B" description="RGB LED with integrated controller"/>
      <sheetpath names="/LEDS/" tstamps="/5F33610A/"/>
      <tstamp>5F33DBC5</tstamp>
    </comp>
    <comp ref="D24">
      <value>WS2812B</value>
      <footprint>LED_SMD:LED_WS2812B_PLCC4_5.0x5.0mm_P3.2mm</footprint>
      <datasheet>https://cdn-shop.adafruit.com/datasheets/WS2812B.pdf</datasheet>
      <libsource lib="LED" part="WS2812B" description="RGB LED with integrated controller"/>
      <sheetpath names="/LEDS/" tstamps="/5F33610A/"/>
      <tstamp>5F33DBCC</tstamp>
    </comp>
    <comp ref="C4">
      <value>100nF</value>
      <footprint>Capacitor_SMD:C_0805_2012Metric_Pad1.18x1.45mm_HandSolder</footprint>
      <datasheet>~</datasheet>
      <libsource lib="Device" part="C" description="Unpolarized capacitor"/>
      <sheetpath names="/LEDS/" tstamps="/5F33610A/"/>
      <tstamp>609E749E</tstamp>
    </comp>
    <comp ref="C8">
      <value>100nF</value>
      <footprint>Capacitor_SMD:C_0805_2012Metric_Pad1.18x1.45mm_HandSolder</footprint>
      <datasheet>~</datasheet>
      <libsource lib="Device" part="C" description="Unpolarized capacitor"/>
      <sheetpath names="/LEDS/" tstamps="/5F33610A/"/>
      <tstamp>609F2F72</tstamp>
    </comp>
    <comp ref="C12">
      <value>100nF</value>
      <footprint>Capacitor_SMD:C_0805_2012Metric_Pad1.18x1.45mm_HandSolder</footprint>
      <datasheet>~</datasheet>
      <libsource lib="Device" part="C" description="Unpolarized capacitor"/>
      <sheetpath names="/LEDS/" tstamps="/5F33610A/"/>
      <tstamp>609FE970</tstamp>
    </comp>
    <comp ref="C19">
      <value>100nF</value>
      <footprint>Capacitor_SMD:C_0805_2012Metric_Pad1.18x1.45mm_HandSolder</footprint>
      <datasheet>~</datasheet>
      <libsource lib="Device" part="C" description="Unpolarized capacitor"/>
      <sheetpath names="/LEDS/" tstamps="/5F33610A/"/>
      <tstamp>60A0A259</tstamp>
    </comp>
    <comp ref="C20">
      <value>100nF</value>
      <footprint>Capacitor_SMD:C_0805_2012Metric_Pad1.18x1.45mm_HandSolder</footprint>
      <datasheet>~</datasheet>
      <libsource lib="Device" part="C" description="Unpolarized capacitor"/>
      <sheetpath names="/LEDS/" tstamps="/5F33610A/"/>
      <tstamp>60A15BCC</tstamp>
    </comp>
    <comp ref="C24">
      <value>100nF</value>
      <footprint>Capacitor_SMD:C_0805_2012Metric_Pad1.18x1.45mm_HandSolder</footprint>
      <datasheet>~</datasheet>
      <libsource lib="Device" part="C" description="Unpolarized capacitor"/>
      <sheetpath names="/LEDS/" tstamps="/5F33610A/"/>
      <tstamp>60A217D7</tstamp>
    </comp>
    <comp ref="C25">
      <value>100nF</value>
      <footprint>Capacitor_SMD:C_0805_2012Metric_Pad1.18x1.45mm_HandSolder</footprint>
      <datasheet>~</datasheet>
      <libsource lib="Device" part="C" description="Unpolarized capacitor"/>
      <sheetpath names="/LEDS/" tstamps="/5F33610A/"/>
      <tstamp>60A2D175</tstamp>
    </comp>
    <comp ref="C21">
      <value>100nF</value>
      <footprint>Capacitor_SMD:C_0805_2012Metric_Pad1.18x1.45mm_HandSolder</footprint>
      <datasheet>~</datasheet>
      <libsource lib="Device" part="C" description="Unpolarized capacitor"/>
      <sheetpath names="/LEDS/" tstamps="/5F33610A/"/>
      <tstamp>60A38B46</tstamp>
    </comp>
    <comp ref="C16">
      <value>100nF</value>
      <footprint>Capacitor_SMD:C_0805_2012Metric_Pad1.18x1.45mm_HandSolder</footprint>
      <datasheet>~</datasheet>
      <libsource lib="Device" part="C" description="Unpolarized capacitor"/>
      <sheetpath names="/LEDS/" tstamps="/5F33610A/"/>
      <tstamp>60A4467E</tstamp>
    </comp>
    <comp ref="C13">
      <value>100nF</value>
      <footprint>Capacitor_SMD:C_0805_2012Metric_Pad1.18x1.45mm_HandSolder</footprint>
      <datasheet>~</datasheet>
      <libsource lib="Device" part="C" description="Unpolarized capacitor"/>
      <sheetpath names="/LEDS/" tstamps="/5F33610A/"/>
      <tstamp>60A50068</tstamp>
    </comp>
    <comp ref="C9">
      <value>100nF</value>
      <footprint>Capacitor_SMD:C_0805_2012Metric_Pad1.18x1.45mm_HandSolder</footprint>
      <datasheet>~</datasheet>
      <libsource lib="Device" part="C" description="Unpolarized capacitor"/>
      <sheetpath names="/LEDS/" tstamps="/5F33610A/"/>
      <tstamp>60A5B97F</tstamp>
    </comp>
    <comp ref="C5">
      <value>100nF</value>
      <footprint>Capacitor_SMD:C_0805_2012Metric_Pad1.18x1.45mm_HandSolder</footprint>
      <datasheet>~</datasheet>
      <libsource lib="Device" part="C" description="Unpolarized capacitor"/>
      <sheetpath names="/LEDS/" tstamps="/5F33610A/"/>
      <tstamp>60A6750C</tstamp>
    </comp>
    <comp ref="C6">
      <value>100nF</value>
      <footprint>Capacitor_SMD:C_0805_2012Metric_Pad1.18x1.45mm_HandSolder</footprint>
      <datasheet>~</datasheet>
      <libsource lib="Device" part="C" description="Unpolarized capacitor"/>
      <sheetpath names="/LEDS/" tstamps="/5F33610A/"/>
      <tstamp>60A732AB</tstamp>
    </comp>
    <comp ref="C10">
      <value>100nF</value>
      <footprint>Capacitor_SMD:C_0805_2012Metric_Pad1.18x1.45mm_HandSolder</footprint>
      <datasheet>~</datasheet>
      <libsource lib="Device" part="C" description="Unpolarized capacitor"/>
      <sheetpath names="/LEDS/" tstamps="/5F33610A/"/>
      <tstamp>60A7EC0C</tstamp>
    </comp>
    <comp ref="C14">
      <value>100nF</value>
      <footprint>Capacitor_SMD:C_0805_2012Metric_Pad1.18x1.45mm_HandSolder</footprint>
      <datasheet>~</datasheet>
      <libsource lib="Device" part="C" description="Unpolarized capacitor"/>
      <sheetpath names="/LEDS/" tstamps="/5F33610A/"/>
      <tstamp>60A8A780</tstamp>
    </comp>
    <comp ref="C17">
      <value>100nF</value>
      <footprint>Capacitor_SMD:C_0805_2012Metric_Pad1.18x1.45mm_HandSolder</footprint>
      <datasheet>~</datasheet>
      <libsource lib="Device" part="C" description="Unpolarized capacitor"/>
      <sheetpath names="/LEDS/" tstamps="/5F33610A/"/>
      <tstamp>60A9633D</tstamp>
    </comp>
    <comp ref="C22">
      <value>100nF</value>
      <footprint>Capacitor_SMD:C_0805_2012Metric_Pad1.18x1.45mm_HandSolder</footprint>
      <datasheet>~</datasheet>
      <libsource lib="Device" part="C" description="Unpolarized capacitor"/>
      <sheetpath names="/LEDS/" tstamps="/5F33610A/"/>
      <tstamp>60AA1CDD</tstamp>
    </comp>
    <comp ref="C26">
      <value>100nF</value>
      <footprint>Capacitor_SMD:C_0805_2012Metric_Pad1.18x1.45mm_HandSolder</footprint>
      <datasheet>~</datasheet>
      <libsource lib="Device" part="C" description="Unpolarized capacitor"/>
      <sheetpath names="/LEDS/" tstamps="/5F33610A/"/>
      <tstamp>60AAD7D5</tstamp>
    </comp>
    <comp ref="C7">
      <value>100nF</value>
      <footprint>Capacitor_SMD:C_0805_2012Metric_Pad1.18x1.45mm_HandSolder</footprint>
      <datasheet>~</datasheet>
      <libsource lib="Device" part="C" description="Unpolarized capacitor"/>
      <sheetpath names="/LEDS/" tstamps="/5F33610A/"/>
      <tstamp>60AB926E</tstamp>
    </comp>
    <comp ref="C11">
      <value>100nF</value>
      <footprint>Capacitor_SMD:C_0805_2012Metric_Pad1.18x1.45mm_HandSolder</footprint>
      <datasheet>~</datasheet>
      <libsource lib="Device" part="C" description="Unpolarized capacitor"/>
      <sheetpath names="/LEDS/" tstamps="/5F33610A/"/>
      <tstamp>60AC4CAA</tstamp>
    </comp>
    <comp ref="C15">
      <value>100nF</value>
      <footprint>Capacitor_SMD:C_0805_2012Metric_Pad1.18x1.45mm_HandSolder</footprint>
      <datasheet>~</datasheet>
      <libsource lib="Device" part="C" description="Unpolarized capacitor"/>
      <sheetpath names="/LEDS/" tstamps="/5F33610A/"/>
      <tstamp>60AD08AA</tstamp>
    </comp>
    <comp ref="C18">
      <value>100nF</value>
      <footprint>Capacitor_SMD:C_0805_2012Metric_Pad1.18x1.45mm_HandSolder</footprint>
      <datasheet>~</datasheet>
      <libsource lib="Device" part="C" description="Unpolarized capacitor"/>
      <sheetpath names="/LEDS/" tstamps="/5F33610A/"/>
      <tstamp>60ADC492</tstamp>
    </comp>
    <comp ref="C23">
      <value>100nF</value>
      <footprint>Capacitor_SMD:C_0805_2012Metric_Pad1.18x1.45mm_HandSolder</footprint>
      <datasheet>~</datasheet>
      <libsource lib="Device" part="C" description="Unpolarized capacitor"/>
      <sheetpath names="/LEDS/" tstamps="/5F33610A/"/>
      <tstamp>60AE8152</tstamp>
    </comp>
    <comp ref="C27">
      <value>100nF</value>
      <footprint>Capacitor_SMD:C_0805_2012Metric_Pad1.18x1.45mm_HandSolder</footprint>
      <datasheet>~</datasheet>
      <libsource lib="Device" part="C" description="Unpolarized capacitor"/>
      <sheetpath names="/LEDS/" tstamps="/5F33610A/"/>
      <tstamp>60AF3C5C</tstamp>
    </comp>
    <comp ref="C3">
      <value>100µF</value>
      <footprint>Capacitor_SMD:C_Elec_8x10.2</footprint>
      <datasheet>~</datasheet>
      <libsource lib="Device" part="CP1" description="Polarized capacitor, US symbol"/>
      <sheetpath names="/LEDS/" tstamps="/5F33610A/"/>
      <tstamp>60A1B3C1</tstamp>
    </comp>
    <comp ref="U11">
      <value>tpa3140</value>
      <footprint>Robbe_modules:tpa3140</footprint>
      <libsource lib="schema_v1-rescue" part="tpa3140-Robbe_random" description=""/>
      <sheetpath names="/Class d amplifier/" tstamps="/6074CBC7/"/>
      <tstamp>60272448</tstamp>
    </comp>
    <comp ref="R28">
      <value>10k</value>
      <footprint>Resistor_SMD:R_0805_2012Metric_Pad1.20x1.40mm_HandSolder</footprint>
      <datasheet>~</datasheet>
      <libsource lib="Device" part="R" description="Resistor"/>
      <sheetpath names="/Class d amplifier/" tstamps="/6074CBC7/"/>
      <tstamp>60DEB377</tstamp>
    </comp>
    <comp ref="C30">
      <value>1µF</value>
      <footprint>Capacitor_SMD:C_0805_2012Metric_Pad1.18x1.45mm_HandSolder</footprint>
      <datasheet>~</datasheet>
      <libsource lib="Device" part="C" description="Unpolarized capacitor"/>
      <sheetpath names="/Class d amplifier/" tstamps="/6074CBC7/"/>
      <tstamp>60DEC2E6</tstamp>
    </comp>
    <comp ref="C28">
      <value>1µF</value>
      <footprint>Capacitor_SMD:C_0805_2012Metric_Pad1.18x1.45mm_HandSolder</footprint>
      <datasheet>~</datasheet>
      <libsource lib="Device" part="C" description="Unpolarized capacitor"/>
      <sheetpath names="/Class d amplifier/" tstamps="/6074CBC7/"/>
      <tstamp>60DED5FC</tstamp>
    </comp>
    <comp ref="R23">
      <value>39k</value>
      <footprint>Resistor_SMD:R_0805_2012Metric_Pad1.20x1.40mm_HandSolder</footprint>
      <datasheet>~</datasheet>
      <libsource lib="Device" part="R" description="Resistor"/>
      <sheetpath names="/Class d amplifier/" tstamps="/6074CBC7/"/>
      <tstamp>60DEEF89</tstamp>
    </comp>
    <comp ref="R24">
      <value>33k</value>
      <footprint>Resistor_SMD:R_0805_2012Metric_Pad1.20x1.40mm_HandSolder</footprint>
      <datasheet>~</datasheet>
      <libsource lib="Device" part="R" description="Resistor"/>
      <sheetpath names="/Class d amplifier/" tstamps="/6074CBC7/"/>
      <tstamp>60DEF0C1</tstamp>
    </comp>
    <comp ref="R25">
      <value>33k</value>
      <footprint>Resistor_SMD:R_0805_2012Metric_Pad1.20x1.40mm_HandSolder</footprint>
      <datasheet>~</datasheet>
      <libsource lib="Device" part="R" description="Resistor"/>
      <sheetpath names="/Class d amplifier/" tstamps="/6074CBC7/"/>
      <tstamp>60DEF419</tstamp>
    </comp>
    <comp ref="R27">
      <value>33k</value>
      <footprint>Resistor_SMD:R_0805_2012Metric_Pad1.20x1.40mm_HandSolder</footprint>
      <datasheet>~</datasheet>
      <libsource lib="Device" part="R" description="Resistor"/>
      <sheetpath names="/Class d amplifier/" tstamps="/6074CBC7/"/>
      <tstamp>60DEF78C</tstamp>
    </comp>
    <comp ref="R26">
      <value>56k</value>
      <footprint>Resistor_SMD:R_0805_2012Metric_Pad1.20x1.40mm_HandSolder</footprint>
      <datasheet>~</datasheet>
      <libsource lib="Device" part="R" description="Resistor"/>
      <sheetpath names="/Class d amplifier/" tstamps="/6074CBC7/"/>
      <tstamp>60DEFB7B</tstamp>
    </comp>
    <comp ref="C32">
      <value>1µF</value>
      <footprint>Capacitor_SMD:C_0805_2012Metric_Pad1.18x1.45mm_HandSolder</footprint>
      <datasheet>~</datasheet>
      <libsource lib="Device" part="C" description="Unpolarized capacitor"/>
      <sheetpath names="/Class d amplifier/" tstamps="/6074CBC7/"/>
      <tstamp>60DF3B5C</tstamp>
    </comp>
    <comp ref="C29">
      <value>1µF</value>
      <footprint>Capacitor_SMD:C_0805_2012Metric_Pad1.18x1.45mm_HandSolder</footprint>
      <datasheet>~</datasheet>
      <libsource lib="Device" part="C" description="Unpolarized capacitor"/>
      <sheetpath names="/Class d amplifier/" tstamps="/6074CBC7/"/>
      <tstamp>60DFC80A</tstamp>
    </comp>
    <comp ref="C31">
      <value>1µF</value>
      <footprint>Capacitor_SMD:C_0805_2012Metric_Pad1.18x1.45mm_HandSolder</footprint>
      <datasheet>~</datasheet>
      <libsource lib="Device" part="C" description="Unpolarized capacitor"/>
      <sheetpath names="/Class d amplifier/" tstamps="/6074CBC7/"/>
      <tstamp>60DFF84F</tstamp>
    </comp>
    <comp ref="C33">
      <value>1µF</value>
      <footprint>Capacitor_SMD:C_0805_2012Metric_Pad1.18x1.45mm_HandSolder</footprint>
      <datasheet>~</datasheet>
      <libsource lib="Device" part="C" description="Unpolarized capacitor"/>
      <sheetpath names="/Class d amplifier/" tstamps="/6074CBC7/"/>
      <tstamp>60E065FB</tstamp>
    </comp>
    <comp ref="R29">
      <value>10</value>
      <footprint>Resistor_SMD:R_0805_2012Metric_Pad1.20x1.40mm_HandSolder</footprint>
      <datasheet>~</datasheet>
      <libsource lib="Device" part="R" description="Resistor"/>
      <sheetpath names="/Class d amplifier/" tstamps="/6074CBC7/"/>
      <tstamp>60E0E70F</tstamp>
    </comp>
    <comp ref="C39">
      <value>1nF</value>
      <footprint>Capacitor_SMD:C_0805_2012Metric_Pad1.18x1.45mm_HandSolder</footprint>
      <datasheet>~</datasheet>
      <libsource lib="Device" part="C" description="Unpolarized capacitor"/>
      <sheetpath names="/Class d amplifier/" tstamps="/6074CBC7/"/>
      <tstamp>60E141AF</tstamp>
    </comp>
    <comp ref="C41">
      <value>100nF</value>
      <footprint>Capacitor_SMD:C_0805_2012Metric_Pad1.18x1.45mm_HandSolder</footprint>
      <datasheet>~</datasheet>
      <libsource lib="Device" part="C" description="Unpolarized capacitor"/>
      <sheetpath names="/Class d amplifier/" tstamps="/6074CBC7/"/>
      <tstamp>60E15C2B</tstamp>
    </comp>
    <comp ref="C43">
      <value>100µF</value>
      <footprint>Capacitor_SMD:C_Elec_8x10.2</footprint>
      <datasheet>~</datasheet>
      <libsource lib="Device" part="CP1" description="Polarized capacitor, US symbol"/>
      <sheetpath names="/Class d amplifier/" tstamps="/6074CBC7/"/>
      <tstamp>60E1777A</tstamp>
    </comp>
    <comp ref="C38">
      <value>220nF</value>
      <footprint>Capacitor_SMD:C_0805_2012Metric_Pad1.18x1.45mm_HandSolder</footprint>
      <datasheet>~</datasheet>
      <libsource lib="Device" part="C" description="Unpolarized capacitor"/>
      <sheetpath names="/Class d amplifier/" tstamps="/6074CBC7/"/>
      <tstamp>60E7252D</tstamp>
    </comp>
    <comp ref="L1">
      <value>15µH</value>
      <footprint>Inductor_SMD:L_0805_2012Metric_Pad1.15x1.40mm_HandSolder</footprint>
      <datasheet>~</datasheet>
      <libsource lib="Device" part="L" description="Inductor"/>
      <sheetpath names="/Class d amplifier/" tstamps="/6074CBC7/"/>
      <tstamp>60E762DE</tstamp>
    </comp>
    <comp ref="C44">
      <value>2µ2F</value>
      <footprint>Capacitor_SMD:C_0805_2012Metric_Pad1.18x1.45mm_HandSolder</footprint>
      <datasheet>~</datasheet>
      <libsource lib="Device" part="C" description="Unpolarized capacitor"/>
      <sheetpath names="/Class d amplifier/" tstamps="/6074CBC7/"/>
      <tstamp>60E7A137</tstamp>
    </comp>
    <comp ref="C45">
      <value>2µ2F</value>
      <footprint>Capacitor_SMD:C_0805_2012Metric_Pad1.18x1.45mm_HandSolder</footprint>
      <datasheet>~</datasheet>
      <libsource lib="Device" part="C" description="Unpolarized capacitor"/>
      <sheetpath names="/Class d amplifier/" tstamps="/6074CBC7/"/>
      <tstamp>60E89EEB</tstamp>
    </comp>
    <comp ref="L2">
      <value>15µH</value>
      <footprint>Inductor_SMD:L_0805_2012Metric_Pad1.15x1.40mm_HandSolder</footprint>
      <datasheet>~</datasheet>
      <libsource lib="Device" part="L" description="Inductor"/>
      <sheetpath names="/Class d amplifier/" tstamps="/6074CBC7/"/>
      <tstamp>60E9290E</tstamp>
    </comp>
    <comp ref="C35">
      <value>220nF</value>
      <footprint>Capacitor_SMD:C_0805_2012Metric_Pad1.18x1.45mm_HandSolder</footprint>
      <datasheet>~</datasheet>
      <libsource lib="Device" part="C" description="Unpolarized capacitor"/>
      <sheetpath names="/Class d amplifier/" tstamps="/6074CBC7/"/>
      <tstamp>60EB7AE4</tstamp>
    </comp>
    <comp ref="C36">
      <value>220nF</value>
      <footprint>Capacitor_SMD:C_0805_2012Metric_Pad1.18x1.45mm_HandSolder</footprint>
      <datasheet>~</datasheet>
      <libsource lib="Device" part="C" description="Unpolarized capacitor"/>
      <sheetpath names="/Class d amplifier/" tstamps="/6074CBC7/"/>
      <tstamp>60EE5B98</tstamp>
    </comp>
    <comp ref="C37">
      <value>220nF</value>
      <footprint>Capacitor_SMD:C_0805_2012Metric_Pad1.18x1.45mm_HandSolder</footprint>
      <datasheet>~</datasheet>
      <libsource lib="Device" part="C" description="Unpolarized capacitor"/>
      <sheetpath names="/Class d amplifier/" tstamps="/6074CBC7/"/>
      <tstamp>60F04536</tstamp>
    </comp>
    <comp ref="L3">
      <value>15µH</value>
      <footprint>Inductor_SMD:L_0805_2012Metric_Pad1.15x1.40mm_HandSolder</footprint>
      <datasheet>~</datasheet>
      <libsource lib="Device" part="L" description="Inductor"/>
      <sheetpath names="/Class d amplifier/" tstamps="/6074CBC7/"/>
      <tstamp>60F286E6</tstamp>
    </comp>
    <comp ref="C46">
      <value>2µ2F</value>
      <footprint>Capacitor_SMD:C_0805_2012Metric_Pad1.18x1.45mm_HandSolder</footprint>
      <datasheet>~</datasheet>
      <libsource lib="Device" part="C" description="Unpolarized capacitor"/>
      <sheetpath names="/Class d amplifier/" tstamps="/6074CBC7/"/>
      <tstamp>60F286EC</tstamp>
    </comp>
    <comp ref="C47">
      <value>2µ2F</value>
      <footprint>Capacitor_SMD:C_0805_2012Metric_Pad1.18x1.45mm_HandSolder</footprint>
      <datasheet>~</datasheet>
      <libsource lib="Device" part="C" description="Unpolarized capacitor"/>
      <sheetpath names="/Class d amplifier/" tstamps="/6074CBC7/"/>
      <tstamp>60F286F4</tstamp>
    </comp>
    <comp ref="L4">
      <value>15µH</value>
      <footprint>Inductor_SMD:L_0805_2012Metric_Pad1.15x1.40mm_HandSolder</footprint>
      <datasheet>~</datasheet>
      <libsource lib="Device" part="L" description="Inductor"/>
      <sheetpath names="/Class d amplifier/" tstamps="/6074CBC7/"/>
      <tstamp>60F28705</tstamp>
    </comp>
    <comp ref="C34">
      <value>1nF</value>
      <footprint>Capacitor_SMD:C_0805_2012Metric_Pad1.18x1.45mm_HandSolder</footprint>
      <datasheet>~</datasheet>
      <libsource lib="Device" part="C" description="Unpolarized capacitor"/>
      <sheetpath names="/Class d amplifier/" tstamps="/6074CBC7/"/>
      <tstamp>60F3F145</tstamp>
    </comp>
    <comp ref="C40">
      <value>100nF</value>
      <footprint>Capacitor_SMD:C_0805_2012Metric_Pad1.18x1.45mm_HandSolder</footprint>
      <datasheet>~</datasheet>
      <libsource lib="Device" part="C" description="Unpolarized capacitor"/>
      <sheetpath names="/Class d amplifier/" tstamps="/6074CBC7/"/>
      <tstamp>60F3F14B</tstamp>
    </comp>
    <comp ref="C42">
      <value>100µF</value>
      <footprint>Capacitor_SMD:C_Elec_8x10.2</footprint>
      <datasheet>~</datasheet>
      <libsource lib="Device" part="CP1" description="Polarized capacitor, US symbol"/>
      <sheetpath names="/Class d amplifier/" tstamps="/6074CBC7/"/>
      <tstamp>60F3F151</tstamp>
    </comp>
    <comp ref="LS1">
      <value>8 Ohm</value>
      <footprint>Connector_PinHeader_2.54mm:PinHeader_1x02_P2.54mm_Vertical</footprint>
      <datasheet>~</datasheet>
      <libsource lib="Device" part="Speaker" description="Speaker"/>
      <sheetpath names="/Class d amplifier/" tstamps="/6074CBC7/"/>
      <tstamp>60F5653B</tstamp>
    </comp>
    <comp ref="LS2">
      <value>8 Ohm</value>
      <footprint>Connector_PinHeader_2.54mm:PinHeader_1x02_P2.54mm_Vertical</footprint>
      <datasheet>~</datasheet>
      <libsource lib="Device" part="Speaker" description="Speaker"/>
      <sheetpath names="/Class d amplifier/" tstamps="/6074CBC7/"/>
      <tstamp>60F5823D</tstamp>
    </comp>
    <comp ref="c7">
      <value>10µF</value>
      <footprint>Capacitor_SMD:C_0805_2012Metric_Pad1.18x1.45mm_HandSolder</footprint>
      <datasheet>~</datasheet>
      <libsource lib="Device" part="C" description="Unpolarized capacitor"/>
      <sheetpath names="/Batterij-charge/" tstamps="/607F2119/"/>
      <tstamp>604F46B8</tstamp>
    </comp>
    <comp ref="U12">
      <value>LTC4001</value>
      <footprint>Package_DFN_QFN:QFN-16-1EP_4x4mm_P0.65mm_EP2.1x2.1mm</footprint>
      <libsource lib="Robbe_random" part="LTC4001" description=""/>
      <sheetpath names="/Batterij-charge/" tstamps="/607F2119/"/>
      <tstamp>604F46C5</tstamp>
    </comp>
    <comp ref="R14">
      <value>560</value>
      <footprint>Resistor_SMD:R_0805_2012Metric_Pad1.20x1.40mm_HandSolder</footprint>
      <datasheet>~</datasheet>
      <libsource lib="Device" part="R" description="Resistor"/>
      <sheetpath names="/Batterij-charge/" tstamps="/607F2119/"/>
      <tstamp>604F46D6</tstamp>
    </comp>
    <comp ref="c8">
      <value>0.22µF</value>
      <footprint>Capacitor_SMD:C_0805_2012Metric_Pad1.18x1.45mm_HandSolder</footprint>
      <datasheet>~</datasheet>
      <libsource lib="Device" part="C" description="Unpolarized capacitor"/>
      <sheetpath names="/Batterij-charge/" tstamps="/607F2119/"/>
      <tstamp>604F46DC</tstamp>
    </comp>
    <comp ref="c9">
      <value>0.1µF</value>
      <footprint>Capacitor_SMD:C_0805_2012Metric_Pad1.18x1.45mm_HandSolder</footprint>
      <datasheet>~</datasheet>
      <libsource lib="Device" part="C" description="Unpolarized capacitor"/>
      <sheetpath names="/Batterij-charge/" tstamps="/607F2119/"/>
      <tstamp>604F46E2</tstamp>
    </comp>
    <comp ref="c10">
      <value>10µF</value>
      <footprint>Capacitor_SMD:C_0805_2012Metric_Pad1.18x1.45mm_HandSolder</footprint>
      <datasheet>~</datasheet>
      <libsource lib="Device" part="C" description="Unpolarized capacitor"/>
      <sheetpath names="/Batterij-charge/" tstamps="/607F2119/"/>
      <tstamp>604F46E8</tstamp>
    </comp>
    <comp ref="BT3">
      <value>Battery_Cell</value>
      <footprint>Connector_JST:JST_PH_B2B-PH-K_1x02_P2.00mm_Vertical</footprint>
      <datasheet>~</datasheet>
      <libsource lib="Device" part="Battery_Cell" description="Single-cell battery"/>
      <sheetpath names="/Batterij-charge/" tstamps="/607F2119/"/>
      <tstamp>604F4710</tstamp>
    </comp>
    <comp ref="L6">
      <value>1.5µH</value>
      <footprint>Inductor_SMD:L_1210_3225Metric_Pad1.42x2.65mm_HandSolder</footprint>
      <datasheet>~</datasheet>
      <libsource lib="Device" part="L" description="Inductor"/>
      <sheetpath names="/Batterij-charge/" tstamps="/607F2119/"/>
      <tstamp>604F4720</tstamp>
    </comp>
    <comp ref="100nF1">
      <value>C</value>
      <footprint>Capacitor_SMD:C_0805_2012Metric_Pad1.18x1.45mm_HandSolder</footprint>
      <datasheet>~</datasheet>
      <libsource lib="Device" part="C" description="Unpolarized capacitor"/>
      <sheetpath names="/Batterij-charge/" tstamps="/607F2119/"/>
      <tstamp>604FF847</tstamp>
    </comp>
    <comp ref="R30">
      <value>33k</value>
      <footprint>Resistor_SMD:R_0805_2012Metric_Pad1.20x1.40mm_HandSolder</footprint>
      <datasheet>~</datasheet>
      <libsource lib="Device" part="R" description="Resistor"/>
      <sheetpath names="/Batterij-charge/" tstamps="/607F2119/"/>
      <tstamp>604FF85D</tstamp>
    </comp>
    <comp ref="R31">
      <value>100k</value>
      <footprint>Resistor_SMD:R_0805_2012Metric_Pad1.20x1.40mm_HandSolder</footprint>
      <datasheet>~</datasheet>
      <libsource lib="Device" part="R" description="Resistor"/>
      <sheetpath names="/Batterij-charge/" tstamps="/607F2119/"/>
      <tstamp>604FF863</tstamp>
    </comp>
    <comp ref="TP6">
      <value>TestPoint</value>
      <footprint>TestPoint:TestPoint_Pad_2.5x2.5mm</footprint>
      <datasheet>~</datasheet>
      <libsource lib="Connector" part="TestPoint" description="test point"/>
      <sheetpath names="/Batterij-charge/" tstamps="/607F2119/"/>
      <tstamp>604FF869</tstamp>
    </comp>
    <comp ref="U14">
      <value>TPS563200</value>
      <footprint>Package_TO_SOT_SMD:SOT-23-6</footprint>
      <datasheet>http://www.ti.com/lit/ds/symlink/tps563200.pdf</datasheet>
      <libsource lib="Regulator_Switching" part="TPS563200" description="3A Synchronous Step-Down Voltage Regulator, Adjustable Output Voltage, 4.5-17V Input Voltage, SOT-23-6"/>
      <sheetpath names="/Batterij-charge/" tstamps="/607F2119/"/>
      <tstamp>604FF87C</tstamp>
    </comp>
    <comp ref="SW9">
      <value>Switch</value>
      <footprint>Connector_JST:JST_XH_B2B-XH-A_1x02_P2.50mm_Vertical</footprint>
      <libsource lib="schema_v1-rescue" part="Switch-Robbe_TI" description=""/>
      <sheetpath names="/Batterij-charge/" tstamps="/607F2119/"/>
      <tstamp>604FF883</tstamp>
    </comp>
    <comp ref="10uF7">
      <value>C</value>
      <footprint>Capacitor_SMD:C_0805_2012Metric_Pad1.18x1.45mm_HandSolder</footprint>
      <datasheet>~</datasheet>
      <libsource lib="Device" part="C" description="Unpolarized capacitor"/>
      <sheetpath names="/Batterij-charge/" tstamps="/607F2119/"/>
      <tstamp>604FF88A</tstamp>
    </comp>
    <comp ref="10uF8">
      <value>C</value>
      <footprint>Capacitor_SMD:C_0805_2012Metric_Pad1.18x1.45mm_HandSolder</footprint>
      <datasheet>~</datasheet>
      <libsource lib="Device" part="C" description="Unpolarized capacitor"/>
      <sheetpath names="/Batterij-charge/" tstamps="/607F2119/"/>
      <tstamp>604FF890</tstamp>
    </comp>
    <comp ref="R32">
      <value>10k</value>
      <footprint>Resistor_SMD:R_0805_2012Metric_Pad1.20x1.40mm_HandSolder</footprint>
      <datasheet>~</datasheet>
      <libsource lib="Device" part="R" description="Resistor"/>
      <sheetpath names="/Batterij-charge/" tstamps="/607F2119/"/>
      <tstamp>604FF896</tstamp>
    </comp>
    <comp ref="10uF9">
      <value>0.1µF</value>
      <footprint>Capacitor_SMD:C_0805_2012Metric_Pad1.18x1.45mm_HandSolder</footprint>
      <datasheet>~</datasheet>
      <libsource lib="Device" part="C" description="Unpolarized capacitor"/>
      <sheetpath names="/Batterij-charge/" tstamps="/607F2119/"/>
      <tstamp>604FF8BB</tstamp>
    </comp>
    <comp ref="L8">
      <value>2.2uH</value>
      <footprint>Robbe_modules:L_tps563200</footprint>
      <datasheet>~</datasheet>
      <libsource lib="Device" part="L" description="Inductor"/>
      <sheetpath names="/Batterij-charge/" tstamps="/607F2119/"/>
      <tstamp>604FF8C1</tstamp>
    </comp>
    <comp ref="10uF10">
      <value>22µF</value>
      <footprint>Capacitor_SMD:C_0805_2012Metric_Pad1.18x1.45mm_HandSolder</footprint>
      <datasheet>~</datasheet>
      <libsource lib="Device" part="C" description="Unpolarized capacitor"/>
      <sheetpath names="/Batterij-charge/" tstamps="/607F2119/"/>
      <tstamp>604FF8C7</tstamp>
    </comp>
    <comp ref="10uF11">
      <value>22µF</value>
      <footprint>Capacitor_SMD:C_0805_2012Metric_Pad1.18x1.45mm_HandSolder</footprint>
      <datasheet>~</datasheet>
      <libsource lib="Device" part="C" description="Unpolarized capacitor"/>
      <sheetpath names="/Batterij-charge/" tstamps="/607F2119/"/>
      <tstamp>604FF8CD</tstamp>
    </comp>
    <comp ref="R36">
      <value>56k</value>
      <footprint>Resistor_SMD:R_0805_2012Metric_Pad1.20x1.40mm_HandSolder</footprint>
      <datasheet>~</datasheet>
      <libsource lib="Device" part="R" description="Resistor"/>
      <sheetpath names="/Batterij-charge/" tstamps="/607F2119/"/>
      <tstamp>604FF8EC</tstamp>
    </comp>
    <comp ref="R37">
      <value>10k</value>
      <footprint>Resistor_SMD:R_0805_2012Metric_Pad1.20x1.40mm_HandSolder</footprint>
      <datasheet>~</datasheet>
      <libsource lib="Device" part="R" description="Resistor"/>
      <sheetpath names="/Batterij-charge/" tstamps="/607F2119/"/>
      <tstamp>604FF8F2</tstamp>
    </comp>
    <comp ref="TP7">
      <value>TestPoint</value>
      <footprint>TestPoint:TestPoint_Pad_2.5x2.5mm</footprint>
      <datasheet>~</datasheet>
      <libsource lib="Connector" part="TestPoint" description="test point"/>
      <sheetpath names="/Batterij-charge/" tstamps="/607F2119/"/>
      <tstamp>604FF911</tstamp>
    </comp>
    <comp ref="D1">
      <value>LED</value>
      <footprint>LED_THT:LED_D5.0mm</footprint>
      <datasheet>~</datasheet>
      <libsource lib="Device" part="LED" description="Light emitting diode"/>
      <sheetpath names="/Batterij-charge/" tstamps="/607F2119/"/>
      <tstamp>603FA2B0</tstamp>
    </comp>
    <comp ref="R1">
      <value>10k</value>
      <footprint>Resistor_SMD:R_0805_2012Metric_Pad1.20x1.40mm_HandSolder</footprint>
      <datasheet>~</datasheet>
      <libsource lib="Device" part="R" description="Resistor"/>
      <sheetpath names="/Batterij-charge/" tstamps="/607F2119/"/>
      <tstamp>603FB1D8</tstamp>
    </comp>
  </components>
  <libparts>
    <libpart lib="Connector" part="Conn_01x05_Male">
      <description>Generic connector, single row, 01x05, script generated (kicad-library-utils/schlib/autogen/connector/)</description>
      <docs>~</docs>
      <footprints>
        <fp>Connector*:*_1x??_*</fp>
      </footprints>
      <fields>
        <field name="Reference">J</field>
        <field name="Value">Conn_01x05_Male</field>
      </fields>
      <pins>
        <pin num="1" name="Pin_1" type="passive"/>
        <pin num="2" name="Pin_2" type="passive"/>
        <pin num="3" name="Pin_3" type="passive"/>
        <pin num="4" name="Pin_4" type="passive"/>
        <pin num="5" name="Pin_5" type="passive"/>
      </pins>
    </libpart>
    <libpart lib="Connector" part="TestPoint">
      <description>test point</description>
      <docs>~</docs>
      <footprints>
        <fp>Pin*</fp>
        <fp>Test*</fp>
      </footprints>
      <fields>
        <field name="Reference">TP</field>
        <field name="Value">TestPoint</field>
      </fields>
      <pins>
        <pin num="1" name="1" type="passive"/>
      </pins>
    </libpart>
    <libpart lib="Connector" part="USB_B_Micro">
      <aliases>
        <alias>USB_B_Mini</alias>
      </aliases>
      <description>USB Micro Type B connector</description>
      <docs>~</docs>
      <footprints>
        <fp>USB*</fp>
      </footprints>
      <fields>
        <field name="Reference">J</field>
        <field name="Value">USB_B_Micro</field>
      </fields>
      <pins>
        <pin num="1" name="VBUS" type="power_out"/>
        <pin num="2" name="D-" type="BiDi"/>
        <pin num="3" name="D+" type="BiDi"/>
        <pin num="4" name="ID" type="passive"/>
        <pin num="5" name="GND" type="power_out"/>
        <pin num="6" name="Shield" type="passive"/>
      </pins>
    </libpart>
    <libpart lib="Device" part="Battery_Cell">
      <description>Single-cell battery</description>
      <docs>~</docs>
      <fields>
        <field name="Reference">BT</field>
        <field name="Value">Battery_Cell</field>
      </fields>
      <pins>
        <pin num="1" name="+" type="passive"/>
        <pin num="2" name="-" type="passive"/>
      </pins>
    </libpart>
    <libpart lib="Device" part="C">
      <description>Unpolarized capacitor</description>
      <docs>~</docs>
      <footprints>
        <fp>C_*</fp>
      </footprints>
      <fields>
        <field name="Reference">C</field>
        <field name="Value">C</field>
      </fields>
      <pins>
        <pin num="1" name="~" type="passive"/>
        <pin num="2" name="~" type="passive"/>
      </pins>
    </libpart>
    <libpart lib="Device" part="CP1">
      <description>Polarized capacitor, US symbol</description>
      <docs>~</docs>
      <footprints>
        <fp>CP_*</fp>
      </footprints>
      <fields>
        <field name="Reference">C</field>
        <field name="Value">CP1</field>
      </fields>
      <pins>
        <pin num="1" name="~" type="passive"/>
        <pin num="2" name="~" type="passive"/>
      </pins>
    </libpart>
    <libpart lib="Device" part="L">
      <description>Inductor</description>
      <docs>~</docs>
      <footprints>
        <fp>Choke_*</fp>
        <fp>*Coil*</fp>
        <fp>Inductor_*</fp>
        <fp>L_*</fp>
      </footprints>
      <fields>
        <field name="Reference">L</field>
        <field name="Value">L</field>
      </fields>
      <pins>
        <pin num="1" name="1" type="passive"/>
        <pin num="2" name="2" type="passive"/>
      </pins>
    </libpart>
    <libpart lib="Device" part="LED">
      <description>Light emitting diode</description>
      <docs>~</docs>
      <footprints>
        <fp>LED*</fp>
        <fp>LED_SMD:*</fp>
        <fp>LED_THT:*</fp>
      </footprints>
      <fields>
        <field name="Reference">D</field>
        <field name="Value">LED</field>
      </fields>
      <pins>
        <pin num="1" name="K" type="passive"/>
        <pin num="2" name="A" type="passive"/>
      </pins>
    </libpart>
    <libpart lib="Device" part="R">
      <description>Resistor</description>
      <docs>~</docs>
      <footprints>
        <fp>R_*</fp>
      </footprints>
      <fields>
        <field name="Reference">R</field>
        <field name="Value">R</field>
      </fields>
      <pins>
        <pin num="1" name="~" type="passive"/>
        <pin num="2" name="~" type="passive"/>
      </pins>
    </libpart>
    <libpart lib="Device" part="Speaker">
      <description>Speaker</description>
      <docs>~</docs>
      <fields>
        <field name="Reference">LS</field>
        <field name="Value">Speaker</field>
      </fields>
      <pins>
        <pin num="1" name="1" type="input"/>
        <pin num="2" name="2" type="input"/>
      </pins>
    </libpart>
    <libpart lib="Interface_USB" part="FT232RL">
      <description>USB to Serial Interface, SSOP-28</description>
      <docs>https://www.ftdichip.com/Support/Documents/DataSheets/ICs/DS_FT232R.pdf</docs>
      <footprints>
        <fp>SSOP*5.3x10.2mm*P0.65mm*</fp>
      </footprints>
      <fields>
        <field name="Reference">U</field>
        <field name="Value">FT232RL</field>
        <field name="Footprint">Package_SO:SSOP-28_5.3x10.2mm_P0.65mm</field>
      </fields>
      <pins>
        <pin num="1" name="TXD" type="output"/>
        <pin num="2" name="DTR" type="output"/>
        <pin num="3" name="RTS" type="output"/>
        <pin num="4" name="VCCIO" type="power_in"/>
        <pin num="5" name="RXD" type="input"/>
        <pin num="6" name="RI" type="input"/>
        <pin num="7" name="GND" type="power_in"/>
        <pin num="9" name="DCR" type="input"/>
        <pin num="10" name="DCD" type="input"/>
        <pin num="11" name="CTS" type="input"/>
        <pin num="12" name="CBUS4" type="BiDi"/>
        <pin num="13" name="CBUS2" type="BiDi"/>
        <pin num="14" name="CBUS3" type="BiDi"/>
        <pin num="15" name="USBD+" type="BiDi"/>
        <pin num="16" name="USBD-" type="BiDi"/>
        <pin num="17" name="3V3OUT" type="power_out"/>
        <pin num="18" name="GND" type="power_in"/>
        <pin num="19" name="~RESET~" type="input"/>
        <pin num="20" name="VCC" type="power_in"/>
        <pin num="21" name="GND" type="power_in"/>
        <pin num="22" name="CBUS1" type="BiDi"/>
        <pin num="23" name="CBUS0" type="BiDi"/>
        <pin num="25" name="AGND" type="power_in"/>
        <pin num="26" name="TEST" type="input"/>
        <pin num="27" name="OSCI" type="input"/>
        <pin num="28" name="OSCO" type="output"/>
      </pins>
    </libpart>
    <libpart lib="LED" part="WS2812B">
      <description>RGB LED with integrated controller</description>
      <docs>https://cdn-shop.adafruit.com/datasheets/WS2812B.pdf</docs>
      <footprints>
        <fp>LED*WS2812*PLCC*5.0x5.0mm*P3.2mm*</fp>
      </footprints>
      <fields>
        <field name="Reference">D</field>
        <field name="Value">WS2812B</field>
        <field name="Footprint">LED_SMD:LED_WS2812B_PLCC4_5.0x5.0mm_P3.2mm</field>
      </fields>
      <pins>
        <pin num="1" name="VDD" type="power_in"/>
        <pin num="2" name="DOUT" type="output"/>
        <pin num="3" name="VSS" type="power_in"/>
        <pin num="4" name="DIN" type="input"/>
      </pins>
    </libpart>
    <libpart lib="Logic_LevelTranslator" part="SN74LVC1T45DBV">
      <description>Single-Bit Dual-Supply Bus Transceiver With Configurable Voltage Translation and 3-State Outputs, SOT-23-6</description>
      <docs>http://www.ti.com/lit/ds/symlink/sn74lvc1t45.pdf</docs>
      <footprints>
        <fp>SOT?23*</fp>
      </footprints>
      <fields>
        <field name="Reference">U</field>
        <field name="Value">SN74LVC1T45DBV</field>
        <field name="Footprint">Package_TO_SOT_SMD:SOT-23-6</field>
      </fields>
      <pins>
        <pin num="1" name="VCCA" type="power_in"/>
        <pin num="2" name="GND" type="power_in"/>
        <pin num="3" name="A" type="BiDi"/>
        <pin num="4" name="B" type="BiDi"/>
        <pin num="5" name="DIR" type="input"/>
        <pin num="6" name="VCCB" type="power_in"/>
      </pins>
    </libpart>
    <libpart lib="Regulator_Linear" part="LM1117-1.8">
      <aliases>
        <alias>LM1117-2.5</alias>
        <alias>LM1117-3.3</alias>
        <alias>LM1117-5.0</alias>
        <alias>TLV1117-15</alias>
        <alias>TLV1117-18</alias>
        <alias>TLV1117-25</alias>
        <alias>TLV1117-33</alias>
        <alias>TLV1117-50</alias>
      </aliases>
      <description>800mA Low-Dropout Linear Regulator, 1.8V fixed output, TO-220/TO-252/TO-263/SOT-223</description>
      <docs>http://www.ti.com/lit/ds/symlink/lm1117.pdf</docs>
      <footprints>
        <fp>SOT?223*</fp>
        <fp>TO?263*</fp>
        <fp>TO?252*</fp>
        <fp>TO?220*</fp>
      </footprints>
      <fields>
        <field name="Reference">U</field>
        <field name="Value">LM1117-1.8</field>
      </fields>
      <pins>
        <pin num="1" name="GND" type="power_in"/>
        <pin num="2" name="VO" type="power_out"/>
        <pin num="3" name="VI" type="power_in"/>
      </pins>
    </libpart>
    <libpart lib="Regulator_Switching" part="TPS562200">
      <aliases>
        <alias>TPS563200</alias>
        <alias>TPS565208</alias>
      </aliases>
      <description>2A Synchronous Step-Down Voltage Regulator, Adjustable Output Voltage, 4.5-17V Input Voltage, SOT-23-6</description>
      <docs>http://www.ti.com/lit/ds/symlink/tps563200.pdf</docs>
      <footprints>
        <fp>SOT?23*</fp>
      </footprints>
      <fields>
        <field name="Reference">U</field>
        <field name="Value">TPS562200</field>
        <field name="Footprint">Package_TO_SOT_SMD:SOT-23-6</field>
      </fields>
      <pins>
        <pin num="1" name="GND" type="power_in"/>
        <pin num="2" name="SW" type="output"/>
        <pin num="3" name="VIN" type="power_in"/>
        <pin num="4" name="VFB" type="input"/>
        <pin num="5" name="EN" type="input"/>
        <pin num="6" name="VBST" type="passive"/>
      </pins>
    </libpart>
    <libpart lib="Robbe_random" part="LTC2064">
      <fields>
        <field name="Reference">U</field>
        <field name="Value">LTC2064</field>
      </fields>
      <pins>
        <pin num="1" name="+" type="input"/>
        <pin num="2" name="Vss" type="input"/>
        <pin num="3" name="-" type="input"/>
        <pin num="4" name="Out" type="input"/>
        <pin num="5" name="shdw" type="input"/>
        <pin num="6" name="Vdd" type="input"/>
      </pins>
    </libpart>
    <libpart lib="Robbe_random" part="LTC4001">
      <fields>
        <field name="Reference">U</field>
        <field name="Value">LTC4001</field>
      </fields>
      <pins>
        <pin num="1" name="BAT" type="input"/>
        <pin num="2" name="SENSE" type="input"/>
        <pin num="3" name="PGND" type="input"/>
        <pin num="4" name="GNDSENS" type="input"/>
        <pin num="5" name="SW" type="input"/>
        <pin num="6" name="EN" type="input"/>
        <pin num="7" name="CHRG" type="input"/>
        <pin num="8" name="PVin" type="input"/>
        <pin num="9" name="Vinsense" type="input"/>
        <pin num="10" name="FAULT" type="input"/>
        <pin num="11" name="NTC" type="input"/>
        <pin num="12" name="PROG" type="input"/>
        <pin num="13" name="IDET" type="input"/>
        <pin num="14" name="SS" type="input"/>
        <pin num="15" name="TIMER" type="input"/>
        <pin num="16" name="BATSENS" type="input"/>
      </pins>
    </libpart>
    <libpart lib="Switch" part="SW_Push">
      <description>Push button switch, generic, two pins</description>
      <docs>~</docs>
      <fields>
        <field name="Reference">SW</field>
        <field name="Value">SW_Push</field>
      </fields>
      <pins>
        <pin num="1" name="1" type="passive"/>
        <pin num="2" name="2" type="passive"/>
      </pins>
    </libpart>
    <libpart lib="schema_v1-rescue" part="Jumper_SolderJumper_2_Open-Bluetooth_Speaker-cache">
      <footprints>
        <fp>SolderJumper*Open*</fp>
      </footprints>
      <fields>
        <field name="Reference">JP</field>
        <field name="Value">Jumper_SolderJumper_2_Open-Bluetooth_Speaker-cache</field>
      </fields>
      <pins>
        <pin num="1" name="A" type="passive"/>
        <pin num="2" name="B" type="passive"/>
      </pins>
    </libpart>
    <libpart lib="schema_v1-rescue" part="OVC3860_EDR-Robbe_random">
      <fields>
        <field name="Reference">U</field>
        <field name="Value">OVC3860_EDR-Robbe_random</field>
      </fields>
      <pins>
        <pin num="1" name="Agnd" type="input"/>
        <pin num="2" name="Aright" type="input"/>
        <pin num="3" name="Aleft" type="input"/>
        <pin num="4" name="mic+" type="input"/>
        <pin num="5" name="mic-" type="input"/>
        <pin num="6" name="ch.stat" type="input"/>
        <pin num="7" name="charg." type="input"/>
        <pin num="8" name="ch.power" type="input"/>
        <pin num="9" name="gnd" type="input"/>
        <pin num="10" name="~" type="input"/>
        <pin num="11" name="Vbat" type="input"/>
        <pin num="12" name="1.8V_out" type="input"/>
        <pin num="13" name="Reset" type="input"/>
        <pin num="14" name="play/pause" type="input"/>
        <pin num="15" name="vol+" type="input"/>
        <pin num="16" name="vol-" type="input"/>
        <pin num="17" name="~" type="input"/>
        <pin num="18" name="tx" type="input"/>
        <pin num="19" name="rx" type="input"/>
        <pin num="20" name="~" type="input"/>
        <pin num="21" name="next" type="input"/>
        <pin num="22" name="prev" type="input"/>
        <pin num="23" name="play" type="input"/>
      </pins>
    </libpart>
    <libpart lib="schema_v1-rescue" part="Spi_header-Robbe_random">
      <fields>
        <field name="Reference">U</field>
        <field name="Value">Spi_header-Robbe_random</field>
      </fields>
      <pins>
        <pin num="1" name="Vcc" type="input"/>
        <pin num="2" name="GND" type="input"/>
        <pin num="3" name="CS" type="input"/>
        <pin num="4" name="Reset" type="input"/>
        <pin num="5" name="DC" type="input"/>
        <pin num="6" name="SDI" type="input"/>
        <pin num="7" name="SCK" type="input"/>
        <pin num="8" name="LED" type="input"/>
        <pin num="9" name="SDO" type="input"/>
        <pin num="10" name="T_Clk" type="input"/>
        <pin num="11" name="T_CS" type="input"/>
        <pin num="12" name="T_Din" type="input"/>
        <pin num="13" name="T_Do" type="input"/>
        <pin num="14" name="T_Irq" type="input"/>
      </pins>
    </libpart>
    <libpart lib="schema_v1-rescue" part="Switch-Robbe_TI">
      <fields>
        <field name="Reference">SW</field>
        <field name="Value">Switch-Robbe_TI</field>
      </fields>
      <pins>
        <pin num="1" name="~" type="input"/>
        <pin num="2" name="~" type="input"/>
      </pins>
    </libpart>
    <libpart lib="schema_v1-rescue" part="pic18f27k40-Robbe_TI">
      <fields>
        <field name="Reference">U</field>
        <field name="Value">pic18f27k40-Robbe_TI</field>
      </fields>
      <pins>
        <pin num="1" name="Reset_/_RE3" type="input"/>
        <pin num="2" name="RA0" type="input"/>
        <pin num="3" name="RA1" type="input"/>
        <pin num="4" name="RA2" type="input"/>
        <pin num="5" name="RA3" type="input"/>
        <pin num="6" name="RA4" type="input"/>
        <pin num="7" name="RA5" type="input"/>
        <pin num="8" name="Vss_/_GND" type="input"/>
        <pin num="9" name="RA7" type="input"/>
        <pin num="10" name="RA6" type="input"/>
        <pin num="11" name="RC0" type="input"/>
        <pin num="12" name="RC1" type="input"/>
        <pin num="13" name="RC2" type="input"/>
        <pin num="14" name="RC3" type="input"/>
        <pin num="15" name="RC4" type="input"/>
        <pin num="16" name="RC5" type="input"/>
        <pin num="17" name="RC6" type="input"/>
        <pin num="18" name="RC7" type="input"/>
        <pin num="19" name="Vss_/_GND" type="input"/>
        <pin num="20" name="Vdd_(+5V)" type="input"/>
        <pin num="21" name="RB0" type="input"/>
        <pin num="22" name="RB1" type="input"/>
        <pin num="23" name="RB2" type="input"/>
        <pin num="24" name="RB3" type="input"/>
        <pin num="25" name="RB4" type="input"/>
        <pin num="26" name="RB5" type="input"/>
        <pin num="27" name="RB6_/_ICSPCLK" type="input"/>
        <pin num="28" name="RB7_/_ICSPDAT" type="input"/>
      </pins>
    </libpart>
    <libpart lib="schema_v1-rescue" part="tpa3140-Robbe_random">
      <fields>
        <field name="Reference">U</field>
        <field name="Value">tpa3140-Robbe_random</field>
      </fields>
      <pins>
        <pin num="1" name="/SD" type="input"/>
        <pin num="2" name="/FAULT" type="input"/>
        <pin num="3" name="LINP" type="input"/>
        <pin num="4" name="LINN" type="input"/>
        <pin num="5" name="LIMRATE" type="input"/>
        <pin num="6" name="GAIN" type="input"/>
        <pin num="7" name="SSCTRL" type="input"/>
        <pin num="8" name="LIMTRHES" type="input"/>
        <pin num="9" name="GVDD" type="input"/>
        <pin num="10" name="GND" type="input"/>
        <pin num="11" name="RINN" type="input"/>
        <pin num="12" name="RINP" type="input"/>
        <pin num="13" name="1SPW" type="input"/>
        <pin num="14" name="AVCC" type="input"/>
        <pin num="15" name="PVCC" type="input"/>
        <pin num="16" name="PVCC" type="input"/>
        <pin num="17" name="BSPR" type="input"/>
        <pin num="18" name="OUTPR" type="input"/>
        <pin num="19" name="GND" type="input"/>
        <pin num="20" name="OUTNR" type="input"/>
        <pin num="21" name="BSNR" type="input"/>
        <pin num="22" name="BSNL" type="input"/>
        <pin num="23" name="OUTNL" type="input"/>
        <pin num="24" name="GND" type="input"/>
        <pin num="25" name="OUTPL" type="input"/>
        <pin num="26" name="BSPL" type="input"/>
        <pin num="27" name="PVCC" type="input"/>
        <pin num="28" name="PVCC" type="input"/>
      </pins>
    </libpart>
  </libparts>
  <libraries>
    <library logical="Connector">
      <uri>C:\Programma's\KiCad\share\kicad\library/Connector.lib</uri>
    </library>
    <library logical="Device">
      <uri>C:\Programma's\KiCad\share\kicad\library/Device.lib</uri>
    </library>
    <library logical="Interface_USB">
      <uri>C:\Programma's\KiCad\share\kicad\library/Interface_USB.lib</uri>
    </library>
    <library logical="LED">
      <uri>C:\Programma's\KiCad\share\kicad\library/LED.lib</uri>
    </library>
    <library logical="Logic_LevelTranslator">
      <uri>C:\Programma's\KiCad\share\kicad\library/Logic_LevelTranslator.lib</uri>
    </library>
    <library logical="Regulator_Linear">
      <uri>C:\Programma's\KiCad\share\kicad\library/Regulator_Linear.lib</uri>
    </library>
    <library logical="Regulator_Switching">
      <uri>C:\Programma's\KiCad\share\kicad\library/Regulator_Switching.lib</uri>
    </library>
    <library logical="Robbe_random">
      <uri>D:/EIGEN PROJECTEN/Bluetooth music box/schema's en pcb/libraries/Robbe_random.lib</uri>
    </library>
    <library logical="Switch">
      <uri>C:\Programma's\KiCad\share\kicad\library/Switch.lib</uri>
    </library>
    <library logical="schema_v1-rescue">
      <uri>D:\EIGEN PROJECTEN\Bluetooth music box\schema's en pcb\schema_v1/schema_v1-rescue.lib</uri>
    </library>
  </libraries>
  <nets>
    <net code="1" name="+3V3">
      <node ref="SW4" pin="2"/>
      <node ref="SW5" pin="2"/>
      <node ref="U8" pin="11"/>
      <node ref="U5" pin="20"/>
      <node ref="U5" pin="4"/>
      <node ref="U2" pin="20"/>
      <node ref="TP2" pin="1"/>
      <node ref="R7" pin="1"/>
      <node ref="R1" pin="1"/>
      <node ref="U9" pin="1"/>
      <node ref="R4" pin="1"/>
      <node ref="SW7" pin="2"/>
      <node ref="SW6" pin="2"/>
      <node ref="R6" pin="1"/>
      <node ref="100nF2" pin="1"/>
      <node ref="SW3" pin="2"/>
      <node ref="J1" pin="2"/>
      <node ref="100nF7" pin="1"/>
      <node ref="U6" pin="2"/>
      <node ref="U10" pin="1"/>
      <node ref="U10" pin="5"/>
    </net>
    <net code="2" name="DataLeds">
      <node ref="D2" pin="4"/>
      <node ref="U10" pin="4"/>
      <node ref="C3" pin="1"/>
    </net>
    <net code="3" name="D_LEDS">
      <node ref="U2" pin="21"/>
      <node ref="U10" pin="3"/>
    </net>
    <net code="4" name="GND">
      <node ref="C26" pin="2"/>
      <node ref="C18" pin="2"/>
      <node ref="C15" pin="2"/>
      <node ref="D3" pin="3"/>
      <node ref="D7" pin="3"/>
      <node ref="BT3" pin="2"/>
      <node ref="C11" pin="2"/>
      <node ref="D6" pin="3"/>
      <node ref="D23" pin="3"/>
      <node ref="D20" pin="3"/>
      <node ref="D21" pin="3"/>
      <node ref="D16" pin="3"/>
      <node ref="D12" pin="3"/>
      <node ref="D17" pin="3"/>
      <node ref="D24" pin="3"/>
      <node ref="C7" pin="2"/>
      <node ref="D10" pin="3"/>
      <node ref="D15" pin="3"/>
      <node ref="D11" pin="3"/>
      <node ref="D14" pin="3"/>
      <node ref="D25" pin="3"/>
      <node ref="D22" pin="3"/>
      <node ref="D2" pin="3"/>
      <node ref="D8" pin="3"/>
      <node ref="D4" pin="3"/>
      <node ref="D9" pin="3"/>
      <node ref="D5" pin="3"/>
      <node ref="D18" pin="3"/>
      <node ref="D19" pin="3"/>
      <node ref="D13" pin="3"/>
      <node ref="R22" pin="2"/>
      <node ref="R20" pin="2"/>
      <node ref="C4" pin="2"/>
      <node ref="C5" pin="2"/>
      <node ref="C9" pin="2"/>
      <node ref="C13" pin="2"/>
      <node ref="C16" pin="2"/>
      <node ref="C21" pin="2"/>
      <node ref="C25" pin="2"/>
      <node ref="C24" pin="2"/>
      <node ref="C20" pin="2"/>
      <node ref="C19" pin="2"/>
      <node ref="C12" pin="2"/>
      <node ref="C8" pin="2"/>
      <node ref="C6" pin="2"/>
      <node ref="C27" pin="2"/>
      <node ref="C23" pin="2"/>
      <node ref="C3" pin="2"/>
      <node ref="C22" pin="2"/>
      <node ref="C17" pin="2"/>
      <node ref="C14" pin="2"/>
      <node ref="C10" pin="2"/>
      <node ref="U12" pin="4"/>
      <node ref="C43" pin="2"/>
      <node ref="C32" pin="2"/>
      <node ref="U11" pin="13"/>
      <node ref="U12" pin="6"/>
      <node ref="C42" pin="2"/>
      <node ref="R24" pin="2"/>
      <node ref="R23" pin="2"/>
      <node ref="U11" pin="24"/>
      <node ref="U11" pin="19"/>
      <node ref="U11" pin="10"/>
      <node ref="C41" pin="2"/>
      <node ref="C39" pin="2"/>
      <node ref="C33" pin="2"/>
      <node ref="c7" pin="2"/>
      <node ref="R37" pin="2"/>
      <node ref="R14" pin="1"/>
      <node ref="c8" pin="2"/>
      <node ref="c9" pin="2"/>
      <node ref="c10" pin="2"/>
      <node ref="10uF10" pin="2"/>
      <node ref="10uF11" pin="2"/>
      <node ref="R31" pin="2"/>
      <node ref="U12" pin="3"/>
      <node ref="U14" pin="1"/>
      <node ref="10uF7" pin="2"/>
      <node ref="U12" pin="11"/>
      <node ref="10uF8" pin="2"/>
      <node ref="100nF1" pin="2"/>
      <node ref="C45" pin="2"/>
      <node ref="C44" pin="1"/>
      <node ref="C34" pin="2"/>
      <node ref="C40" pin="2"/>
      <node ref="C47" pin="2"/>
      <node ref="C46" pin="1"/>
      <node ref="U2" pin="8"/>
      <node ref="100nF5" pin="2"/>
      <node ref="U8" pin="9"/>
      <node ref="U10" pin="2"/>
      <node ref="J1" pin="3"/>
      <node ref="100nF2" pin="2"/>
      <node ref="100nF7" pin="2"/>
      <node ref="100nF3" pin="2"/>
      <node ref="10uF1" pin="2"/>
      <node ref="J2" pin="5"/>
      <node ref="U5" pin="26"/>
      <node ref="U5" pin="25"/>
      <node ref="U5" pin="21"/>
      <node ref="U5" pin="18"/>
      <node ref="U9" pin="2"/>
      <node ref="U2" pin="19"/>
      <node ref="R11" pin="2"/>
      <node ref="U6" pin="1"/>
      <node ref="R13" pin="2"/>
      <node ref="R16" pin="2"/>
      <node ref="U5" pin="7"/>
      <node ref="U1" pin="2"/>
    </net>
    <net code="5" name="+5V">
      <node ref="D23" pin="1"/>
      <node ref="C16" pin="1"/>
      <node ref="D21" pin="1"/>
      <node ref="C21" pin="1"/>
      <node ref="D20" pin="1"/>
      <node ref="C26" pin="1"/>
      <node ref="C6" pin="1"/>
      <node ref="D16" pin="1"/>
      <node ref="C5" pin="1"/>
      <node ref="C9" pin="1"/>
      <node ref="C23" pin="1"/>
      <node ref="C12" pin="1"/>
      <node ref="C27" pin="1"/>
      <node ref="C8" pin="1"/>
      <node ref="C18" pin="1"/>
      <node ref="C20" pin="1"/>
      <node ref="D22" pin="1"/>
      <node ref="C25" pin="1"/>
      <node ref="10uF10" pin="1"/>
      <node ref="C24" pin="1"/>
      <node ref="D25" pin="1"/>
      <node ref="D24" pin="1"/>
      <node ref="10uF11" pin="1"/>
      <node ref="C7" pin="1"/>
      <node ref="C19" pin="1"/>
      <node ref="C11" pin="1"/>
      <node ref="C15" pin="1"/>
      <node ref="TP7" pin="1"/>
      <node ref="D19" pin="1"/>
      <node ref="D18" pin="1"/>
      <node ref="D5" pin="1"/>
      <node ref="U1" pin="6"/>
      <node ref="D9" pin="1"/>
      <node ref="U6" pin="3"/>
      <node ref="D11" pin="1"/>
      <node ref="D15" pin="1"/>
      <node ref="D10" pin="1"/>
      <node ref="D6" pin="1"/>
      <node ref="D14" pin="1"/>
      <node ref="D12" pin="1"/>
      <node ref="D17" pin="1"/>
      <node ref="D4" pin="1"/>
      <node ref="D8" pin="1"/>
      <node ref="D13" pin="1"/>
      <node ref="D3" pin="1"/>
      <node ref="R36" pin="1"/>
      <node ref="D7" pin="1"/>
      <node ref="D2" pin="1"/>
      <node ref="U10" pin="6"/>
      <node ref="C10" pin="1"/>
      <node ref="R28" pin="2"/>
      <node ref="C4" pin="1"/>
      <node ref="C43" pin="1"/>
      <node ref="C42" pin="1"/>
      <node ref="R29" pin="1"/>
      <node ref="C39" pin="1"/>
      <node ref="C40" pin="1"/>
      <node ref="C14" pin="1"/>
      <node ref="C17" pin="1"/>
      <node ref="U11" pin="27"/>
      <node ref="C22" pin="1"/>
      <node ref="U11" pin="16"/>
      <node ref="C13" pin="1"/>
      <node ref="L8" pin="2"/>
      <node ref="U11" pin="15"/>
      <node ref="U11" pin="28"/>
      <node ref="10uF1" pin="1"/>
      <node ref="C34" pin="1"/>
      <node ref="C41" pin="1"/>
    </net>
    <net code="6" name="Net-(J2-Pad2)">
      <node ref="U5" pin="16"/>
      <node ref="J2" pin="2"/>
    </net>
    <net code="7" name="Net-(R2-Pad2)">
      <node ref="SW1" pin="2"/>
      <node ref="R2" pin="2"/>
    </net>
    <net code="8" name="Net-(U2-Pad18)">
      <node ref="U2" pin="18"/>
    </net>
    <net code="9" name="Net-(U2-Pad17)">
      <node ref="U2" pin="17"/>
    </net>
    <net code="10" name="Net-(U2-Pad16)">
      <node ref="U2" pin="16"/>
    </net>
    <net code="11" name="LCD_SDO">
      <node ref="U9" pin="13"/>
      <node ref="U2" pin="15"/>
      <node ref="U9" pin="9"/>
    </net>
    <net code="12" name="RA3">
      <node ref="U2" pin="5"/>
    </net>
    <net code="13" name="LCD_T_Irq">
      <node ref="U9" pin="14"/>
      <node ref="U2" pin="23"/>
    </net>
    <net code="14" name="BAT_ADC">
      <node ref="R30" pin="2"/>
      <node ref="R31" pin="1"/>
      <node ref="TP6" pin="1"/>
      <node ref="100nF1" pin="1"/>
      <node ref="U2" pin="2"/>
    </net>
    <net code="15" name="LCD_T_CS">
      <node ref="U9" pin="11"/>
      <node ref="U2" pin="22"/>
    </net>
    <net code="16" name="LCD_LED">
      <node ref="U9" pin="8"/>
      <node ref="R7" pin="2"/>
    </net>
    <net code="17" name="Net-(100nF3-Pad1)">
      <node ref="100nF3" pin="1"/>
      <node ref="SW1" pin="1"/>
      <node ref="JP1" pin="2"/>
    </net>
    <net code="18" name="Net-(U2-Pad9)">
      <node ref="U2" pin="9"/>
    </net>
    <net code="19" name="Net-(J2-Pad4)">
      <node ref="J2" pin="4"/>
    </net>
    <net code="20" name="Net-(U2-Pad7)">
      <node ref="U2" pin="7"/>
    </net>
    <net code="21" name="Net-(U2-Pad6)">
      <node ref="U2" pin="6"/>
    </net>
    <net code="22" name="Net-(U2-Pad26)">
      <node ref="U2" pin="26"/>
    </net>
    <net code="23" name="Net-(U2-Pad25)">
      <node ref="U2" pin="25"/>
    </net>
    <net code="24" name="Net-(U2-Pad24)">
      <node ref="U2" pin="24"/>
    </net>
    <net code="25" name="VoL_Measure">
      <node ref="C31" pin="2"/>
      <node ref="U8" pin="2"/>
      <node ref="U1" pin="5"/>
      <node ref="U1" pin="1"/>
    </net>
    <net code="26" name="Vol_spkr">
      <node ref="U1" pin="4"/>
      <node ref="U1" pin="3"/>
      <node ref="U2" pin="10"/>
    </net>
    <net code="27" name="Net-(U5-Pad9)">
      <node ref="U5" pin="9"/>
    </net>
    <net code="28" name="Net-(U5-Pad6)">
      <node ref="U5" pin="6"/>
    </net>
    <net code="29" name="TX">
      <node ref="U2" pin="3"/>
      <node ref="U5" pin="5"/>
    </net>
    <net code="30" name="Net-(U5-Pad3)">
      <node ref="U5" pin="3"/>
    </net>
    <net code="31" name="Net-(U5-Pad28)">
      <node ref="U5" pin="28"/>
    </net>
    <net code="32" name="Vusb">
      <node ref="J2" pin="1"/>
      <node ref="U12" pin="9"/>
      <node ref="U12" pin="8"/>
      <node ref="c7" pin="1"/>
    </net>
    <net code="33" name="Net-(J2-Pad3)">
      <node ref="U5" pin="15"/>
      <node ref="J2" pin="3"/>
    </net>
    <net code="34" name="Net-(J2-Pad6)">
      <node ref="J2" pin="6"/>
    </net>
    <net code="35" name="Net-(U5-Pad12)">
      <node ref="U5" pin="12"/>
    </net>
    <net code="36" name="Net-(U5-Pad27)">
      <node ref="U5" pin="27"/>
    </net>
    <net code="37" name="Net-(U5-Pad23)">
      <node ref="U5" pin="23"/>
    </net>
    <net code="38" name="Net-(U5-Pad22)">
      <node ref="U5" pin="22"/>
    </net>
    <net code="39" name="Net-(U5-Pad2)">
      <node ref="U5" pin="2"/>
    </net>
    <net code="40" name="Net-(U5-Pad19)">
      <node ref="U5" pin="19"/>
    </net>
    <net code="41" name="Net-(U5-Pad14)">
      <node ref="U5" pin="14"/>
    </net>
    <net code="42" name="Net-(U5-Pad13)">
      <node ref="U5" pin="13"/>
    </net>
    <net code="43" name="Net-(U5-Pad11)">
      <node ref="U5" pin="11"/>
    </net>
    <net code="44" name="Net-(U5-Pad10)">
      <node ref="U5" pin="10"/>
    </net>
    <net code="45" name="RX">
      <node ref="U2" pin="4"/>
      <node ref="U5" pin="1"/>
    </net>
    <net code="46" name="Net-(100nF5-Pad1)">
      <node ref="U5" pin="17"/>
      <node ref="100nF5" pin="1"/>
    </net>
    <net code="47" name="Net-(U8-Pad8)">
      <node ref="U8" pin="8"/>
    </net>
    <net code="48" name="Net-(U8-Pad7)">
      <node ref="U8" pin="7"/>
    </net>
    <net code="49" name="Net-(U8-Pad6)">
      <node ref="U8" pin="6"/>
    </net>
    <net code="50" name="Net-(U8-Pad5)">
      <node ref="U8" pin="5"/>
    </net>
    <net code="51" name="Net-(U8-Pad4)">
      <node ref="U8" pin="4"/>
    </net>
    <net code="52" name="Net-(U8-Pad23)">
      <node ref="U8" pin="23"/>
    </net>
    <net code="53" name="Net-(U8-Pad20)">
      <node ref="U8" pin="20"/>
    </net>
    <net code="54" name="Net-(U8-Pad19)">
      <node ref="U8" pin="19"/>
    </net>
    <net code="55" name="Net-(U8-Pad18)">
      <node ref="U8" pin="18"/>
    </net>
    <net code="56" name="Net-(U8-Pad17)">
      <node ref="U8" pin="17"/>
    </net>
    <net code="57" name="Net-(U8-Pad13)">
      <node ref="U8" pin="13"/>
    </net>
    <net code="58" name="Net-(U8-Pad12)">
      <node ref="U8" pin="12"/>
    </net>
    <net code="59" name="Net-(U8-Pad10)">
      <node ref="U8" pin="10"/>
    </net>
    <net code="60" name="/Class d amplifier/Agnd">
      <node ref="C28" pin="2"/>
      <node ref="C29" pin="2"/>
      <node ref="U8" pin="1"/>
    </net>
    <net code="61" name="/Class d amplifier/Aleft">
      <node ref="C30" pin="2"/>
      <node ref="U8" pin="3"/>
    </net>
    <net code="62" name="PGD">
      <node ref="J1" pin="4"/>
      <node ref="U2" pin="28"/>
    </net>
    <net code="63" name="Reset">
      <node ref="R4" pin="2"/>
      <node ref="R2" pin="1"/>
      <node ref="U2" pin="1"/>
      <node ref="J1" pin="1"/>
      <node ref="JP1" pin="1"/>
    </net>
    <net code="64" name="PGC">
      <node ref="U2" pin="27"/>
      <node ref="J1" pin="5"/>
    </net>
    <net code="65" name="LCD_SCK">
      <node ref="U9" pin="7"/>
      <node ref="U9" pin="10"/>
      <node ref="U2" pin="14"/>
    </net>
    <net code="66" name="LCD_SDI">
      <node ref="U9" pin="12"/>
      <node ref="U9" pin="6"/>
      <node ref="U2" pin="13"/>
    </net>
    <net code="67" name="LCD_DC">
      <node ref="U2" pin="11"/>
      <node ref="U9" pin="5"/>
    </net>
    <net code="68" name="LCS_rst">
      <node ref="U9" pin="4"/>
      <node ref="R6" pin="2"/>
    </net>
    <net code="69" name="LCD_CS">
      <node ref="U2" pin="12"/>
      <node ref="U9" pin="3"/>
    </net>
    <net code="70" name="next">
      <node ref="SW5" pin="1"/>
      <node ref="R16" pin="1"/>
      <node ref="U8" pin="21"/>
    </net>
    <net code="71" name="pp">
      <node ref="U8" pin="14"/>
      <node ref="R22" pin="1"/>
      <node ref="SW7" pin="1"/>
    </net>
    <net code="72" name="prev">
      <node ref="U8" pin="22"/>
      <node ref="R20" pin="1"/>
      <node ref="SW6" pin="1"/>
    </net>
    <net code="73" name="vol-">
      <node ref="SW4" pin="1"/>
      <node ref="R13" pin="1"/>
      <node ref="U8" pin="16"/>
    </net>
    <net code="74" name="vol+">
      <node ref="U8" pin="15"/>
      <node ref="SW3" pin="1"/>
      <node ref="R11" pin="1"/>
    </net>
    <net code="75" name="Net-(D20-Pad2)">
      <node ref="D20" pin="2"/>
      <node ref="D24" pin="4"/>
    </net>
    <net code="76" name="Net-(D25-Pad2)">
      <node ref="D25" pin="2"/>
    </net>
    <net code="77" name="Net-(D18-Pad2)">
      <node ref="D18" pin="2"/>
      <node ref="D22" pin="4"/>
    </net>
    <net code="78" name="Net-(D19-Pad2)">
      <node ref="D19" pin="2"/>
      <node ref="D23" pin="4"/>
    </net>
    <net code="79" name="Net-(D21-Pad2)">
      <node ref="D21" pin="2"/>
      <node ref="D25" pin="4"/>
    </net>
    <net code="80" name="Net-(D16-Pad2)">
      <node ref="D20" pin="4"/>
      <node ref="D16" pin="2"/>
    </net>
    <net code="81" name="Net-(D12-Pad4)">
      <node ref="D12" pin="4"/>
      <node ref="D8" pin="2"/>
    </net>
    <net code="82" name="Net-(D12-Pad2)">
      <node ref="D16" pin="4"/>
      <node ref="D12" pin="2"/>
    </net>
    <net code="83" name="Net-(D11-Pad4)">
      <node ref="D11" pin="4"/>
      <node ref="D7" pin="2"/>
    </net>
    <net code="84" name="Net-(D4-Pad2)">
      <node ref="D8" pin="4"/>
      <node ref="D4" pin="2"/>
    </net>
    <net code="85" name="Net-(D23-Pad2)">
      <node ref="D4" pin="4"/>
      <node ref="D23" pin="2"/>
    </net>
    <net code="86" name="Net-(D15-Pad2)">
      <node ref="D19" pin="4"/>
      <node ref="D15" pin="2"/>
    </net>
    <net code="87" name="Net-(D11-Pad2)">
      <node ref="D11" pin="2"/>
      <node ref="D15" pin="4"/>
    </net>
    <net code="88" name="Net-(D17-Pad2)">
      <node ref="D17" pin="2"/>
      <node ref="D21" pin="4"/>
    </net>
    <net code="89" name="Net-(D3-Pad2)">
      <node ref="D3" pin="2"/>
      <node ref="D7" pin="4"/>
    </net>
    <net code="90" name="Net-(D22-Pad2)">
      <node ref="D3" pin="4"/>
      <node ref="D22" pin="2"/>
    </net>
    <net code="91" name="Net-(D14-Pad2)">
      <node ref="D14" pin="2"/>
      <node ref="D18" pin="4"/>
    </net>
    <net code="92" name="Net-(D10-Pad2)">
      <node ref="D14" pin="4"/>
      <node ref="D10" pin="2"/>
    </net>
    <net code="93" name="Net-(D10-Pad4)">
      <node ref="D6" pin="2"/>
      <node ref="D10" pin="4"/>
    </net>
    <net code="94" name="Net-(D2-Pad2)">
      <node ref="D6" pin="4"/>
      <node ref="D2" pin="2"/>
    </net>
    <net code="95" name="Net-(D13-Pad4)">
      <node ref="D13" pin="4"/>
      <node ref="D9" pin="2"/>
    </net>
    <net code="96" name="Net-(D13-Pad2)">
      <node ref="D13" pin="2"/>
      <node ref="D17" pin="4"/>
    </net>
    <net code="97" name="Net-(D24-Pad2)">
      <node ref="D24" pin="2"/>
      <node ref="D5" pin="4"/>
    </net>
    <net code="98" name="Net-(D5-Pad2)">
      <node ref="D5" pin="2"/>
      <node ref="D9" pin="4"/>
    </net>
    <net code="99" name="Net-(C36-Pad1)">
      <node ref="U11" pin="21"/>
      <node ref="C36" pin="1"/>
    </net>
    <net code="100" name="Net-(C35-Pad1)">
      <node ref="C35" pin="1"/>
      <node ref="U11" pin="22"/>
    </net>
    <net code="101" name="Net-(C38-Pad1)">
      <node ref="U11" pin="26"/>
      <node ref="C38" pin="1"/>
    </net>
    <net code="102" name="Net-(C37-Pad1)">
      <node ref="C37" pin="1"/>
      <node ref="U11" pin="17"/>
    </net>
    <net code="103" name="Net-(C36-Pad2)">
      <node ref="C36" pin="2"/>
      <node ref="U11" pin="20"/>
      <node ref="L3" pin="1"/>
    </net>
    <net code="104" name="Net-(C44-Pad2)">
      <node ref="LS1" pin="1"/>
      <node ref="C44" pin="2"/>
      <node ref="L1" pin="2"/>
    </net>
    <net code="105" name="Net-(C35-Pad2)">
      <node ref="U11" pin="23"/>
      <node ref="C35" pin="2"/>
      <node ref="L2" pin="1"/>
    </net>
    <net code="106" name="Net-(C38-Pad2)">
      <node ref="C38" pin="2"/>
      <node ref="L1" pin="1"/>
      <node ref="U11" pin="25"/>
    </net>
    <net code="107" name="Net-(C45-Pad1)">
      <node ref="LS1" pin="2"/>
      <node ref="C45" pin="1"/>
      <node ref="L2" pin="2"/>
    </net>
    <net code="108" name="Net-(C47-Pad1)">
      <node ref="LS2" pin="2"/>
      <node ref="C47" pin="1"/>
      <node ref="L4" pin="2"/>
    </net>
    <net code="109" name="Net-(C46-Pad2)">
      <node ref="C46" pin="2"/>
      <node ref="L3" pin="2"/>
      <node ref="LS2" pin="1"/>
    </net>
    <net code="110" name="Net-(C37-Pad2)">
      <node ref="C37" pin="2"/>
      <node ref="L4" pin="1"/>
      <node ref="U11" pin="18"/>
    </net>
    <net code="111" name="Net-(R25-Pad1)">
      <node ref="R25" pin="1"/>
      <node ref="R27" pin="2"/>
      <node ref="U11" pin="7"/>
    </net>
    <net code="112" name="Net-(R24-Pad1)">
      <node ref="U11" pin="6"/>
      <node ref="R24" pin="1"/>
      <node ref="R25" pin="2"/>
    </net>
    <net code="113" name="Net-(C32-Pad1)">
      <node ref="C32" pin="1"/>
      <node ref="U11" pin="5"/>
      <node ref="U11" pin="9"/>
      <node ref="R26" pin="1"/>
      <node ref="R27" pin="1"/>
    </net>
    <net code="114" name="Net-(C28-Pad1)">
      <node ref="U11" pin="4"/>
      <node ref="C28" pin="1"/>
    </net>
    <net code="115" name="Net-(C30-Pad1)">
      <node ref="U11" pin="3"/>
      <node ref="C30" pin="1"/>
    </net>
    <net code="116" name="Net-(R23-Pad1)">
      <node ref="R26" pin="2"/>
      <node ref="U11" pin="8"/>
      <node ref="R23" pin="1"/>
    </net>
    <net code="117" name="Net-(R28-Pad1)">
      <node ref="U11" pin="1"/>
      <node ref="U11" pin="2"/>
      <node ref="R28" pin="1"/>
    </net>
    <net code="118" name="Net-(C31-Pad1)">
      <node ref="U11" pin="12"/>
      <node ref="C31" pin="1"/>
    </net>
    <net code="119" name="Net-(C33-Pad1)">
      <node ref="C33" pin="1"/>
      <node ref="R29" pin="2"/>
      <node ref="U11" pin="14"/>
    </net>
    <net code="120" name="Net-(C29-Pad1)">
      <node ref="C29" pin="1"/>
      <node ref="U11" pin="11"/>
    </net>
    <net code="121" name="Net-(R32-Pad2)">
      <node ref="U14" pin="5"/>
      <node ref="R32" pin="2"/>
    </net>
    <net code="122" name="Net-(10uF9-Pad1)">
      <node ref="U14" pin="2"/>
      <node ref="L8" pin="1"/>
      <node ref="10uF9" pin="1"/>
    </net>
    <net code="123" name="Net-(R36-Pad2)">
      <node ref="R37" pin="1"/>
      <node ref="R36" pin="2"/>
      <node ref="U14" pin="4"/>
    </net>
    <net code="124" name="Net-(10uF9-Pad2)">
      <node ref="10uF9" pin="2"/>
      <node ref="U14" pin="6"/>
    </net>
    <net code="125" name="Vbat">
      <node ref="R32" pin="1"/>
      <node ref="10uF8" pin="1"/>
      <node ref="U14" pin="3"/>
      <node ref="SW9" pin="1"/>
      <node ref="R30" pin="1"/>
      <node ref="10uF7" pin="1"/>
    </net>
    <net code="126" name="Net-(D1-Pad1)">
      <node ref="D1" pin="1"/>
      <node ref="U12" pin="7"/>
    </net>
    <net code="127" name="Net-(D1-Pad2)">
      <node ref="R1" pin="2"/>
      <node ref="D1" pin="2"/>
    </net>
    <net code="128" name="Net-(U12-Pad15)">
      <node ref="U12" pin="15"/>
      <node ref="c8" pin="1"/>
    </net>
    <net code="129" name="Net-(U12-Pad14)">
      <node ref="U12" pin="14"/>
      <node ref="c9" pin="1"/>
    </net>
    <net code="130" name="Net-(R14-Pad2)">
      <node ref="R14" pin="2"/>
      <node ref="U12" pin="12"/>
      <node ref="U12" pin="13"/>
    </net>
    <net code="131" name="Net-(L6-Pad2)">
      <node ref="U12" pin="2"/>
      <node ref="L6" pin="2"/>
    </net>
    <net code="132" name="Net-(U12-Pad10)">
      <node ref="U12" pin="10"/>
    </net>
    <net code="133" name="Net-(BT3-Pad1)">
      <node ref="c10" pin="1"/>
      <node ref="U12" pin="1"/>
      <node ref="U12" pin="16"/>
      <node ref="BT3" pin="1"/>
      <node ref="SW9" pin="2"/>
    </net>
    <net code="134" name="Net-(L6-Pad1)">
      <node ref="U12" pin="5"/>
      <node ref="L6" pin="1"/>
    </net>
  </nets>
</export>
